Field_ID,Elevation,Rainfall,Min_temperature_C,Max_temperature_C,pH,Pollution_level,Plot_size,Annual_yield,Crop_type
1162,494.95615,1507.6,-5.4,31.0,6.859435668861138,0.0070342158440208,3.6,1.6174206276458771,coffee
5108,663.7339,581.0,-4.7,30.9,5.603219232201785,0.28964298392516,4.2,2.532497367146888,potato
3504,396.8799,1715.1,-6.1,31.7,5.7741163717463415,0.0004087854870765,2.6,1.2622072284763295,banana
5351,594.8037,1748.0,-4.3,33.6,6.47741537738939,0.0887771895060556,7.9,4.351563687132063,wheat
905,609.498,1395.8,-4.5,31.3,5.419586358211655,0.0500225170733399,10.8,5.034791280425336,cassava
2274,270.451,1665.2,-7.2,34.3,5.873081619160732,0.0015447466836954,3.9,1.74345807248588,banana
3990,749.43427,728.0,-3.8,31.1,6.098061756073079,0.3307371231529829,2.7,1.404141885807768,maize
1148,753.99786,1258.5,-3.3,28.7,5.934154283249535,0.0382804701226289,8.2,4.628492548113356,wheat
2134,840.584,579.5,-3.1,28.1,5.697434167640267,0.2329205429643146,4.2,2.470871986746584,potato
5632,618.01624,888.0,-4.9,26.9,5.231630449795771,0.4996457827839787,0.7,0.3506035530052386,wheat
3526,701.1468,1354.3,-3.7,26.1,5.149978516119852,0.2160737086795805,14.9,6.439340421033914,wheat
1789,701.6991,581.4,-4.4,31.4,6.348242657498739,0.2402442023878147,1.6,0.9386986832338122,wheat
2337,739.63495,1160.8,-3.5,29.7,5.388973326160191,0.0621766142440851,3.2,1.4208033139166274,wheat
4807,520.2977,292.3,-6.3,32.9,5.379285800073401,0.1965892189415077,1.4,0.8815679013784199,potato
973,432.0357,1464.4,-6.0,30.2,7.482802464532021,0.0198002965904758,3.0,1.3774343279467036,wheat
4400,676.57086,1036.8,-4.2,29.1,5.34551631443809,0.1582397945888558,3.5,1.985430198261657,cassava
892,823.2931,598.1,-3.3,28.7,5.142679048949877,0.3103021840498628,2.2,1.3451570451297397,potato
361,588.61615,1051.7,-5.1,31.3,5.201006363374609,0.6602456808286977,4.6,1.9688735511448805,wheat
3803,500.45013,2009.6,-4.9,32.0,6.915591998106333,0.0145315745213741,2.9,1.4539189227399982,wheat
4469,460.93362,1718.2,-5.6,31.4,7.3835734256694385,0.2194806736251307,3.4,1.4545809261604288,wheat
2773,613.1408,1037.2,-4.8,29.5,5.486385658331299,0.7185542292491964,1.5,0.8133994136587291,potato
4131,516.66833,1095.4,-5.6,32.6,6.286629902063576,0.7001855693506001,1.2,0.572358084898878,maize
3381,764.19775,710.7,-4.0,28.5,6.573048289343448,0.4590709505991376,3.0,1.5886183117563968,wheat
837,790.03217,1111.9,-3.1,28.8,5.021361491085236,0.5159137699600763,9.7,3.198501581165264,wheat
1735,779.5538,1435.4,-2.9000000000000004,29.7,5.296714132285013,0.1066376134153571,2.6,1.1997266349541265,coffee
388,497.49493,1152.3,-5.7,30.8,5.717021282942289,0.5192508536993794,4.2,2.4367118017073635,cassava
4516,299.92496,1649.3,-7.1,32.6,6.8657828577027855,0.0003754584355197,2.2,0.8181032708321648,banana
3870,603.9783,936.6,-5.0,28.2,5.175407915909968,0.7140532580418087,1.4,0.7536783272913715,potato
1947,498.10596,374.3,-6.4,31.0,5.313220137892771,0.0136645564094187,2.8,1.8405429435470857,potato
762,797.7817,1637.3,-2.6,31.6,5.567186647582679,0.2596819980781054,11.0,7.812350750042292,tea
5293,771.7991,1581.4,-2.8,28.6,3.992535783845889,0.3129234860135876,1.0,0.6205450396724074,tea
758,696.38367,642.6,-4.4,31.5,4.54021802449506,0.2050711552596801,1.2,0.6322532602799946,potato
1603,510.2128,306.2,-6.4,28.4,5.628532079836076,0.1074503617118816,9.1,5.840934609153981,potato
297,680.658,1533.4,-3.7,31.4,4.306534852724754,0.0130864009646959,3.4,2.537824523999218,tea
4200,832.9359,625.4,-3.2,29.3,5.839186844120063,0.1802444629309411,7.4,4.671507045392406,potato
4811,959.1869,850.7,-1.8000000000000007,28.0,6.113444560561043,0.2114400918863804,3.6,1.4233476336112387,coffee
5405,906.57306,681.2,-2.4000000000000004,28.5,4.338617399498475,0.2835704448026169,0.7,0.3327051712468807,potato
4,886.353,785.2,-2.5,31.0,5.721233805709933,0.0431902746025795,1.5,0.8326139707528435,wheat
1440,738.8291,1529.0,-3.2,30.5,5.112511734196096,0.3835702805133453,1.1,0.7671453011631757,tea
2119,376.53107,1835.2,-6.1,35.0,7.056357205819907,0.2915785684331862,5.0,2.164695125971538,wheat
5599,684.10864,1905.7,-3.4000000000000004,28.7,3.945225661451519,0.1912538097244536,1.2,0.9045311523261356,tea
3411,657.1393,1199.0,-3.9,29.2,5.247436642082638,0.045289022803199,1.5,0.6232917028708511,wheat
3071,699.3865,566.9,-4.4,30.5,5.681898608705217,0.2329907060718533,8.7,5.326167093217784,potato
2022,744.1646,1401.3,-3.1,30.2,4.8315552218036,0.1290392906968679,1.2,0.8667912967569146,tea
1471,589.1635,1318.6,-4.8,30.7,5.413547595373022,0.0477588941125451,3.4,1.6549503045865053,cassava
1350,785.3389,2245.1,-2.1,31.1,4.325624016520268,0.2536966745313239,1.5,0.9833555210674833,tea
927,714.98804,1362.3,-3.6,30.4,5.369133436651329,0.1013346944534955,1.9,1.3771463569433666,tea
4706,796.5412,1467.5,-2.7,28.6,5.423996802216155,0.0571281761216648,1.8,0.956310563388249,cassava
1836,68.023636,1465.4,-9.6,34.0,6.454844320720194,0.0021364398343914,0.5,0.210254389889296,banana
1113,282.95966,1618.8,-7.3,32.2,6.6068859309981445,2.777132954612699e-05,3.0,1.5515613000514863,wheat
5447,663.33936,1982.2,-3.4000000000000004,29.1,4.926208440357641,0.1553351895933651,3.8,1.3785981812773729,cassava
4111,839.2661,1411.6,-2.4000000000000004,32.4,4.980151298265813,0.0740659476313765,3.2,2.184311698946252,tea
659,488.3734,1295.7,-5.7,32.6,5.466152958875723,0.0097170657678914,1.9,0.910553372289273,wheat
2707,756.2342,1283.6,-3.3,29.1,5.541285446692439,0.3695357852764032,9.6,4.987965845498289,cassava
914,669.2102,422.3,-4.8,28.8,5.310872817708512,0.1951610669925585,1.4,0.8279814211454066,potato
1892,472.6773,1954.5,-5.2,33.6,5.795520743069587,0.0445719012739657,2.1,1.2260711324547788,banana
3423,454.18573,1087.5,-6.2,32.2,5.245403826401105,0.6092466147612354,0.9,0.4963278512035793,cassava
3360,436.91107,1412.8,-6.0,32.8,5.581197049921409,0.0090725961032186,1.3,0.8691259181603642,rice
2986,566.8305,491.4,-5.7,33.8,6.182262373929042,0.2823583230197273,1.6,1.0956044707186934,wheat
4116,656.28357,1661.9,-3.8,28.0,4.241267686944588,0.0853540990385725,1.2,0.9366251759479484,tea
4551,863.02594,1403.3,-2.2,28.8,5.017303367395987,0.2070494457787396,1.4,0.9185135538998246,tea
2308,537.22186,414.3,-6.0,29.1,5.935687017122628,0.0118799611079582,4.7,3.2096951613249867,wheat
5440,793.55756,1817.4,-2.4000000000000004,27.8,4.901760847259751,0.1474035909654544,13.2,10.844556318427443,tea
178,746.5847,486.4,-4.1,31.0,5.719498422400591,0.2981516407481411,3.0,1.7858354973668455,potato
5575,897.5817,684.4,-2.5,30.1,5.083640968049919,0.3078385777748415,1.7,0.9337758199353382,potato
3408,480.27383,1237.7,-5.9,33.5,4.975716584295148,0.0773330518703779,13.0,5.231241574979114,banana
664,821.0447,2243.5,-1.8000000000000007,31.5,5.456048754477373,0.3733333397767747,2.3,1.4040959673762756,coffee
2895,715.3202,1072.6,-3.8,33.0,5.811126852285793,0.1374422089559616,12.6,5.054496433567375,coffee
5212,856.2192,644.6,-2.9000000000000004,28.8,6.101410682062316,0.1478050623648417,4.8,2.944306470836291,maize
378,668.92944,1689.8,-3.7,26.9,5.172571725278557,0.0926945262854147,12.5,6.447492137180992,banana
287,941.4087,782.8,-2.0,27.2,4.848963566724335,0.0876147321560951,0.7,0.3399786024756179,wheat
4526,418.27814,1791.6,-5.9,31.6,6.432091485930945,0.0306928867751013,4.4,2.3661080753522405,coffee
956,733.9847,899.7,-3.8,32.8,5.3902427125471615,0.3782148897605597,3.8,2.0777079827341254,cassava
69,344.45914,1731.1,-6.6,32.0,5.2662899339037486,0.0278680502159472,1.4,0.5861304846793628,banana
2015,472.8047,1580.6,-5.6,32.7,6.677039070724877,0.0522825891125707,1.8,0.9779386481589056,wheat
4928,443.10266,1570.2,-5.8,31.0,7.484682522648175,0.008724977895397,3.6,1.2006119628772325,banana
5043,448.94537,1088.0,-6.2,31.5,5.907746775365911,0.5713840352493915,0.9,0.5287965556254396,cassava
544,503.58212,1111.3,-5.7,32.0,6.093316357538447,0.7853330010255496,0.7,0.3370528450908725,wheat
3465,535.8766,482.1,-6.0,30.1,4.942709769126084,0.0222071323893336,1.2,0.711717511397074,wheat
5353,980.238,875.2,-1.5999999999999996,27.9,5.946369239982832,0.2078657214234437,1.7,1.0293525573845648,wheat
4674,843.43085,628.7,-3.1,30.9,5.120247375107772,0.2807878828748607,0.9,0.4249434320764176,wheat
2821,860.2152,702.7,-2.8,30.0,5.554453463628305,0.0937853093399344,8.3,4.835455048601704,maize
5009,733.56506,1289.6,-3.5,31.2,5.085774639296987,0.7053322237129211,4.4,2.2882451917062894,tea
5551,346.312,1768.3,-6.5,33.7,5.563320747527983,9.226544739618096e-05,13.9,6.519255574103732,banana
5561,782.91455,537.1,-3.7,30.8,5.328347476605323,0.3074521618295516,2.8,1.7078194125651376,potato
3586,723.218,1528.6,-3.5,29.4,5.301358409100644,0.0698091753548046,4.7,2.251606866355603,cassava
2687,393.08252,1674.7,-6.1,33.4,6.885599644821197,0.1971661554671834,0.5,0.2431264058849306,wheat
1933,462.84045,1604.9,-5.6,32.4,6.1805432979468975,0.0545871664561981,7.4,3.67715799820194,coffee
1605,712.45154,499.3,-4.4,29.3,5.189587769662224,0.1452840554793585,0.6,0.2819562031310999,wheat
2043,462.55408,1835.0,-5.4,32.1,6.725604081076366,0.0255011464744425,5.0,2.611470074690016,wheat
1208,526.04126,1116.7,-5.3,33.9,5.096585435884704,0.1897452811780375,1.4,0.6705988422574904,banana
1204,759.0634,1341.1,-3.2,29.1,5.412412382379441,0.0290619668245959,2.0,0.9701920704430532,coffee
1610,836.1712,1536.9,-2.3,29.5,5.241421669355627,0.0865931328905785,1.3,0.6282054646339204,cassava
4387,746.04333,1364.2,-3.3,30.9,5.273302681101253,0.0175717032551722,9.5,4.886637779668178,cassava
2053,750.17285,1469.5,-3.1,29.7,3.722678860949612,0.105049416917101,0.5,0.300699170914766,tea
3090,386.84885,1344.0,-6.6,31.5,6.618068591698293,0.0613906220044769,4.0,2.4167006455362623,rice
1211,636.9009,1190.6,-4.4,28.8,5.361302189928651,0.2162097748056381,11.7,6.466514749572961,wheat
2095,929.27606,1298.6,-1.6999999999999993,30.0,5.3695729537953145,0.069464893323938,3.5,2.140204055485341,tea
2471,754.902,540.1,-4.0,30.6,5.902375934845658,0.3110388730366914,1.7,0.9973877894031008,potato
3766,723.0279,1358.4,-3.9,27.8,3.8773267159946734,0.1107173195534488,1.9,1.1600650985591827,tea
3389,373.4004,1696.1,-6.4,33.3,5.554631390159267,0.0971829581897925,11.0,4.911615227170151,banana
5023,637.3801,1986.7,-3.7,32.2,5.297030574624946,0.3282617938631353,2.1,1.7172439572133884,tea
934,695.37177,438.5,-4.6,31.5,6.437051926467269,0.3296867383270618,4.9,2.4159775022907137,maize
4732,424.03534,1847.7,-5.8,32.5,6.2020295894313495,0.0001864695164171,2.1,1.1550761814955872,coffee
1660,883.55865,624.4,-2.7,28.8,5.383687079459955,0.2834918072996701,11.3,6.174800871835578,wheat
4198,599.60376,714.6,-5.2,35.1,5.275878393829813,0.1559932204898485,4.5,2.7381978644630016,wheat
4624,794.2216,1390.0,-2.8,28.9,4.304006638012702,0.0389426768251673,4.1,2.698960972514769,tea
935,876.34204,1583.2,-1.9000000000000004,28.3,3.7216114943617695,0.0905664751819675,0.5,0.284359448428989,tea
3192,812.1211,1152.6,-2.9000000000000004,31.2,6.796232909162234,0.0843732829079896,2.5,1.0116656882821684,coffee
430,748.4479,2125.3,-2.6,30.2,4.028303768117705,0.3583838346569091,7.7,4.787339190121263,tea
95,459.43204,1370.1,-5.8,32.7,5.7107190736135065,0.1029903425201107,1.8,0.9174566897043424,cassava
4808,298.87646,1510.3,-7.2,34.4,5.735807612614604,7.851592109752479e-07,12.1,5.595394674790016,wheat
5231,490.64157,345.7,-6.5,31.7,4.560090614013088,0.0396684120520555,1.2,0.6772705175936001,potato
1812,739.653,1778.0,-3.0,29.4,5.586714927255953,0.0506539761177622,6.6,4.136367223707307,banana
3011,508.23248,651.0,-6.1,30.7,4.821640237128371,0.2128663283176037,3.3,1.7413613099969594,maize
826,902.3298,715.8,-2.5,29.5,5.900528077409798,0.1189076443703316,1.9,1.196626213748626,maize
4488,679.2073,1221.5,-4.0,29.7,5.596000004378661,0.052818777590795,1.2,0.577823547485559,wheat
126,602.4487,665.4,-5.2,29.4,5.574501173984842,0.2016477773953336,1.5,1.0159615950648253,potato
3956,629.52826,372.0,-5.2,30.3,4.91085524771604,0.2689053230537602,0.7,0.3881120540954008,wheat
5373,641.57745,989.7,-4.6,30.5,5.119275831384135,0.2668329419957757,1.9,1.0127652691668807,potato
3633,703.1665,1430.1,-3.6,31.2,4.554395574258128,0.0946192386530161,4.1,1.6184203484147943,cassava
4568,854.3963,878.3,-2.7,31.9,6.193514099013628,0.2759513874200532,14.5,8.709084993777282,wheat
4917,603.14307,626.0,-5.3,32.1,6.497485301826654,0.287102854915959,3.9,2.6177674765024443,maize
2286,662.44806,837.0,-4.5,29.3,5.802437369135786,0.2266116763163959,1.0,0.5694645977258808,potato
2020,282.8629,369.2,-8.4,34.4,5.034818554323987,0.0079889560014068,1.9,1.029304146571762,wheat
945,696.01654,1748.3,-3.4000000000000004,30.4,4.924488158560441,0.12405556013715,4.7,3.962329163481914,tea
648,830.35297,587.5,-3.2,29.1,4.999228765802256,0.2550547295116139,1.1,0.6645984571092461,potato
4976,668.1739,937.6,-4.4,33.1,5.9319232453616415,0.6442194497095683,3.5,1.004090026911242,coffee
3399,663.6783,840.4,-4.5,31.6,4.89668025840654,0.2362916046560394,2.7,1.442433556303353,potato
3096,703.1617,820.1,-4.2,32.7,5.679157078977193,0.2634220040563087,7.3,4.2430134750989446,potato
2155,591.82074,1088.0,-4.9,30.7,5.129090475979097,0.9161028740239664,4.0,1.939080765707267,potato
2143,668.99396,1500.9,-3.9,29.9,5.168539375057526,0.011734948372355,2.5,1.968004441081318,tea
443,694.6692,1844.1,-3.4000000000000004,32.9,5.5941698583186,0.1165647745067411,2.6,1.6391612539148752,banana
3702,262.37576,1349.3,-7.7,34.4,4.431825054569595,5.17929868297703e-08,6.8,2.2265853512707827,banana
2406,343.05075,1715.0,-6.6,32.8,5.516110238140778,0.0259114561974855,12.2,7.198206974496423,rice
1458,281.0364,1693.0,-7.2,33.5,6.182451468584177,0.0113641967547825,2.8,1.6254436237581995,rice
783,521.5132,1109.7,-5.7,31.2,6.301336359402469,0.8559437709046267,4.9,1.508536545392502,coffee
1504,728.50226,1542.5,-3.3,29.5,5.274552773541305,0.0775496234445732,1.1,0.5307129025348046,banana
2332,738.1334,489.4,-4.1,29.9,5.521939049903467,0.3515603991904382,0.6,0.2557455542824683,maize
2006,604.38135,907.1,-5.0,31.3,5.308023873668251,0.1136697413814518,8.8,5.208228102225896,wheat
1773,741.7553,1847.0,-2.9000000000000004,29.1,5.503306347338729,0.1651794772741258,12.3,7.438521231510475,banana
3610,709.53156,461.8,-4.4,28.8,6.282621870006854,0.3018402883340824,0.8,0.4424442758939573,wheat
4812,789.2063,609.3,-3.6,30.1,6.3867903253513845,0.2613405781943899,1.2,0.7194646692789812,wheat
1364,666.98236,545.2,-4.9,29.8,6.247013889442593,0.2220786845333762,3.9,2.2347767982722284,wheat
333,577.2653,385.2,-5.7,29.8,5.316829207105482,0.1223856115052272,1.8,1.185730826031726,potato
3911,537.2899,1008.8,-5.5,29.4,5.529203955680708,0.91493502334435,2.2,0.8992446887143093,wheat
3713,662.20825,879.8,-4.5,30.2,4.930591991795015,0.498610699455194,4.1,1.8912138402149423,cassava
4724,758.492,2093.2,-2.5,31.9,3.9977865689770713,0.2702279291633704,1.4,0.9044495587287106,tea
4756,799.6236,1795.6,-2.4000000000000004,27.5,4.057018008223381,0.1649214457600182,0.7,0.5040751279043346,tea
4166,636.2264,434.0,-5.1,32.1,4.6841265935079415,0.1504514298427731,0.7,0.421115503384526,potato
4064,461.33395,1959.5,-5.3,30.9,5.817231928544758,0.0386022710568728,1.2,0.6638942015103958,coffee
4367,367.62817,1849.9,-6.3,32.7,6.361664326027184,0.1470025533017502,0.7,0.347165224211764,wheat
3851,811.4883,557.4,-3.4000000000000004,27.4,5.491357581220977,0.2669554689461658,6.8,4.275146143047145,potato
1184,420.35373,1578.4,-6.0,31.2,5.299640149717583,0.0771664068078233,1.1,0.6852402840171842,rice
5015,569.68024,1404.6,-4.9,31.4,4.222239308444072,0.021536080498968,11.4,3.9469194220910913,cassava
318,713.039,1138.0,-3.7,30.6,5.774410367123112,0.1351661780438935,4.1,1.9643253388773447,wheat
60,909.26044,1405.4,-1.8000000000000007,31.0,5.366401241443922,0.0631286759594055,2.7,1.2086502250702684,coffee
2315,223.0227,1577.2,-7.8,33.6,5.6389748618851545,0.0011498283429661,3.1,1.3660972000895184,wheat
3470,837.18915,1102.1,-2.7,27.7,5.471494187070512,0.141275326950668,4.1,1.9834950809909468,wheat
4398,562.13806,326.6,-5.9,30.6,4.588042026451355,0.2281615879976141,1.0,0.5515630988074539,potato
2004,660.7559,517.4,-4.9,31.2,6.3220257816012895,0.4460756821702886,11.4,5.393375706376851,maize
5432,322.6378,1721.7,-6.8,32.4,7.331908648040788,0.007117168813581,4.5,1.568473824504293,banana
2674,680.0387,1903.7,-3.5,30.5,4.680212506315559,0.2124133612935898,4.2,2.082596810851359,banana
2373,626.92004,758.8,-4.9,28.3,4.906978576532858,0.1293614556999975,10.3,6.521148251069471,potato
3073,100.13457,1510.0,-9.0,34.6,7.316254064541319,0.000178741152005,2.7,1.274722341233039,wheat
2965,485.76596,225.6,-6.7,29.4,4.91498457295528,0.174776779762419,1.3,0.7494834311199914,potato
175,832.8712,1337.3,-2.5,32.2,4.037738831278485,0.6335292055835702,3.6,1.4794964003764584,tea
4549,675.9259,1247.2,-4.0,31.3,4.099672395860886,0.0294659284761479,4.2,2.7617932765421584,tea
541,313.19266,1533.5,-6.8,32.5,6.5590979680108985,1.5673255328860008e-07,1.6,0.6253641514195407,banana
5505,882.0909,684.1,-2.7,30.5,5.02707502001428,0.2439694623477261,5.0,2.298688880869616,tea
2093,600.6866,608.0,-5.3,31.1,4.767422920557746,0.0496110423709951,2.0,1.2859372213728752,potato
4487,601.47534,1033.6,-4.9,31.1,4.923700319761498,0.912449291296242,4.4,2.170979634173684,cassava
4728,720.31165,2204.5,-2.8,31.5,4.006024066007757,0.3465819318480507,2.0,1.2316621474058915,tea
4782,505.30185,290.5,-6.4,32.2,6.241408652922509,0.1614134710613023,4.8,2.8893774275740185,maize
824,638.84985,1188.7,-4.5,30.4,5.027000666742374,0.2071327432236986,3.8,1.8783204489815333,cassava
404,380.71686,1786.7,-6.2,32.0,7.108012192899043,0.1309388834899567,1.7,0.6607757799096153,banana
4186,770.156,2148.9,-2.2,30.6,5.3721674145573335,0.3490792430713996,2.0,1.1518408976381873,coffee
4595,661.1981,921.2,-4.5,30.4,5.6822324529873205,0.5932245970170447,3.7,1.370204117917503,wheat
4146,403.9223,1705.2,-6.0,33.4,5.892485136252389,0.1193677696549277,12.9,6.188166856081057,banana
5497,721.34326,1072.2,-3.8,28.9,5.765333629564258,0.8353908232878431,11.6,5.9658321032541375,cassava
2712,316.45935,1704.9,-6.9,32.8,6.850051675885507,0.0326597346655991,0.9,0.44735432940509,wheat
972,723.325,474.6,-4.3,30.3,6.256145651960908,0.3044527586751862,2.6,1.3240469017771586,maize
916,703.14374,1897.9,-3.2,30.5,5.932919251407839,0.1730572213987334,10.9,6.83376877638081,coffee
2014,469.02,1541.0,-5.7,29.6,6.891400012073694,0.0358056971535343,1.8,0.9549229567879264,wheat
3984,905.18555,1124.2,-2.1,26.1,6.037766981847557,0.4106120028819179,1.2,0.389806405794095,coffee
4483,568.40625,396.7,-5.8,31.5,6.608946581962747,0.0637666376961411,2.5,1.616375051575142,maize
804,466.16754,1673.1,-5.5,32.3,6.645574972639977,0.2869657772125384,5.0,2.030598420205712,banana
4416,580.9582,1237.1,-4.9,33.3,4.205016747327466,0.1633373601947569,13.1,4.87747982060034,cassava
547,812.91626,644.8,-3.3,30.3,6.416530153478214,0.2491528850103501,12.5,7.272523363896259,maize
4298,852.2843,1428.6,-2.3,32.4,4.484499082552462,0.1817495325589626,1.8,0.7652153748266289,cassava
3236,605.18964,1091.0,-4.8,32.9,5.0143306987568,0.404911013687387,13.7,6.687659854940736,wheat
3686,736.73376,1355.7,-3.4000000000000004,30.2,4.5104757845828525,0.0190250774463685,2.1,0.9114557127782597,cassava
2413,520.282,1480.7,-5.2,30.1,4.7126362824243735,0.0095647328501577,10.4,3.995220226273451,cassava
2499,920.44775,1327.1,-1.6999999999999993,28.2,4.493361170586618,0.0723176441733641,12.9,7.856498321837859,tea
4071,764.915,1138.7,-3.3,32.7,4.511513842713361,0.8397947614374512,1.7,0.5569405237351819,tea
5191,600.01056,1089.7,-4.9,30.6,5.5303053972736365,0.0634052457687262,1.1,0.7047513200273405,potato
3390,682.67737,798.1,-4.4,30.3,5.847997257896402,0.2711456098844433,1.9,1.077263589658741,potato
2993,873.91547,829.6,-2.6,28.5,4.862108639449846,0.2495755879959108,2.6,1.324776823415848,potato
3240,442.32376,1385.7,-5.9,30.9,6.430875651552976,0.0070925209624987,0.6,0.3381757256276013,wheat
2662,746.32446,1346.9,-3.3,31.4,5.514051263897426,0.0283061542660593,4.9,2.6288576169602007,cassava
4148,590.2136,437.9,-5.5,32.0,6.37691187619061,0.0987871405016084,0.8,0.4749943558880825,potato
2000,655.00037,1639.1,-3.9,32.5,4.864779001622966,0.1587036466460071,8.0,2.958230252115757,cassava
5516,350.17694,1823.8,-6.5,35.8,6.018536408621015,0.2324350953152097,2.6,1.3947322792029024,coffee
1003,711.1138,1182.1,-3.8,27.5,5.393200168387157,0.907649542789053,0.7,0.1748574333801564,wheat
3493,641.5185,1303.4,-4.3,29.9,4.645229932954551,0.8776040752394302,1.6,0.8526409321347928,tea
5476,857.2982,639.7,-2.9000000000000004,28.9,5.276380487056069,0.166749122080954,4.6,2.512282344590364,maize
1967,787.12054,1473.5,-2.8,29.5,4.380500276504608,0.0549982020973635,5.1,1.9503668958972509,cassava
4849,790.723,621.2,-3.6,29.4,4.502572982832938,0.0569688710820364,1.6,0.8976445907661784,potato
1074,669.39624,802.0,-4.5,27.7,5.222161984668675,0.1372606470443709,0.6,0.3184402210699074,cassava
1797,795.66144,697.1,-3.4000000000000004,30.9,5.287726733277763,0.2070079114223397,0.7,0.4343047576991941,potato
3729,821.20056,608.0,-3.3,32.8,6.213096747480147,0.1665245808002607,14.8,8.649656672198786,maize
4332,391.16443,1643.9,-6.5,33.9,6.024238213796895,0.0001066398452046,4.5,2.132926563368898,banana
401,635.8302,1082.5,-4.5,34.0,5.916493112729105,0.0536734067938625,12.1,5.857420921046351,coffee
5267,726.4972,625.1,-4.1,31.0,6.31604270306157,0.4272488972814487,1.1,0.5685831571061961,maize
3189,711.23914,491.3,-4.4,28.6,4.953575658566903,0.1631494398893049,2.7,1.5616652912688425,potato
366,625.9631,1127.9,-4.6,29.6,6.650922265186574,0.2555448168577824,2.6,1.5371737449788647,maize
3061,731.8739,883.3,-3.8,29.0,5.393302538066193,0.3681760530169679,0.9,0.3767091279820165,wheat
2485,754.4395,760.6,-3.8,29.7,5.35126932419576,0.2643815767331254,1.7,1.018561577691292,potato
490,389.38843,1806.2,-6.1,32.2,6.216652633234438,0.0029847615770509,9.9,6.065325292405135,rice
846,714.7195,831.7,-4.0,28.5,6.488433154182424,0.3630357780123358,4.6,2.449902484219942,wheat
2831,291.20154,1724.7,-7.2,32.9,5.790368297382434,0.296608334824772,0.8,0.4292102839209981,rice
3112,792.62036,569.2,-3.6,29.8,4.792013668871998,0.3086447920674073,1.6,0.7079642025696481,wheat
3673,480.25378,1619.5,-5.4,30.9,5.276440847679167,0.2041835823140128,1.7,0.7001510713075162,cassava
4380,620.51733,608.1,-5.1,28.3,6.19435060131942,0.2341625848235034,3.2,2.303786614126355,wheat
1452,810.8162,1402.4,-2.7,30.8,5.414073189986601,0.0353461796879517,4.2,2.156942134780917,cassava
5614,597.5318,1906.7,-4.1,30.5,5.919849694510327,0.3046893166855132,0.8,0.3790397620120101,coffee
778,981.6874,880.8,-1.5999999999999996,28.4,5.786335319279012,0.2065524460942844,6.5,3.645506106793563,wheat
3768,555.09955,1122.1,-5.2,28.4,6.432438080973695,0.7834231555604153,3.1,1.586603580463461,wheat
194,667.496,1655.0,-3.7,30.5,4.331604896559596,0.1587104242392446,3.8,2.9688555917446697,tea
4295,820.36334,1453.0,-2.5,29.6,4.948463494674908,0.0590006799606726,7.9,5.538826198984945,tea
4390,785.38055,578.4,-3.6,30.0,5.1013615773430185,0.2980726889501274,5.6,3.360244741687448,potato
2702,783.00726,2031.7,-2.3,31.3,4.507957124927593,0.3003826980672862,2.0,1.4517570996514928,tea
3283,717.1712,843.3,-4.0,31.8,6.099889274004479,0.3479478625382651,3.5,1.6971374302663,maize
2077,688.7125,1480.7,-3.7,31.2,4.76054767866368,0.4138176626498344,0.7,0.2674322522480754,cassava
1908,323.5896,1792.3,-6.7,33.7,6.399518738098224,0.0528548483817889,4.1,2.29621087553452,coffee
3856,651.7667,594.1,-4.8,28.8,5.404812589312062,0.1845874379139804,1.7,0.7574717106617792,maize
2459,734.9242,507.9,-4.2,30.2,5.643690307509681,0.3094460853490432,6.7,4.011681523943898,potato
4364,511.7637,2007.5,-4.8,31.7,6.717394682520144,0.0410115800370667,2.9,1.502572394796562,wheat
2524,293.61716,1555.7,-7.2,32.4,7.33713851639721,1.3573124636940117e-06,12.0,5.725810468879085,rice
5529,785.7696,1755.1,-2.6,28.6,5.071782175246659,0.0328005297369233,1.4,1.130522665630228,tea
523,849.68005,653.6,-3.0,27.5,5.3029160244214015,0.2514669065319567,3.0,1.8418331185864083,potato
5118,378.88702,750.6,-7.2,32.8,5.724289371575891,0.8119032642949293,0.6,0.2936121514296522,maize
5282,596.6748,845.2,-5.1,32.9,6.350540865288727,0.1356720018097917,9.2,6.522104203171224,wheat
3958,493.02084,1600.5,-5.4,33.3,6.704098652896424,0.0234600778447046,2.7,1.474968167866408,wheat
624,838.43396,777.8,-3.0,31.0,4.535708585020026,0.1970634106893562,2.4,1.1782333711125106,tea
1927,902.12854,1364.5,-1.9000000000000004,27.8,5.077624244334603,0.2313285262785885,3.7,1.8184720913304664,cassava
1326,374.59125,1822.8,-6.2,30.9,7.194281845513291,0.29989334834514,1.6,0.6618508201972616,wheat
1414,534.3043,707.5,-5.8,31.6,6.227169196672813,0.0126511950641262,1.0,0.6220380727005621,potato
5570,784.0209,547.7,-3.7,28.3,5.457287824390132,0.2683919142770486,2.7,1.6800750330929146,potato
4867,772.6632,1768.4,-2.7,33.2,4.812250983796986,0.1397015939757565,1.7,1.3788429238392004,tea
1142,890.534,1265.0,-2.1,30.8,4.430159397887667,0.0409379027689374,1.5,0.9126114010641,tea
4027,686.7138,635.5,-4.5,30.5,4.743184617600599,0.0503334970663934,1.4,0.6091334452508574,maize
1376,660.65173,1603.4,-3.8,28.8,4.330086724035678,1.3640891341980642e-08,3.4,2.648997010813054,tea
2925,698.7803,807.8,-4.2,31.3,6.625849406682897,0.1973929313039187,2.1,1.097079767943843,maize
4094,525.8007,563.4,-6.0,32.4,5.4193729061557,0.064767556669423,2.4,1.3936442048695887,maize
4902,837.2648,1686.8,-2.2,31.2,5.087173592059109,0.3657358903052833,3.7,1.5166190487938571,cassava
2505,546.641,1751.7,-4.7,31.4,6.453859351824118,0.0399146765639926,9.9,4.932533634089677,coffee
2463,700.7473,1377.6,-3.7,32.0,5.49840518723897,0.8845472830416204,0.9,0.2693430254814123,banana
5245,962.65515,829.3,-1.8000000000000007,29.7,6.467735283889256,0.0556995850247426,1.6,0.9758901685390547,maize
5084,418.5077,1817.6,-5.8,31.2,6.892136173475241,0.0057623549114355,1.4,0.6214581691750801,banana
2408,178.15222,1603.8,-8.1,33.3,6.981437673353839,0.0022631358609322,4.7,2.3239346791376003,wheat
81,683.9345,1638.1,-3.6,31.8,4.405833109450071,9.936232696456411e-09,0.9,0.311260229985243,cassava
2136,754.914,556.7,-3.9,31.5,6.745905246102759,0.172347152893392,2.5,1.2810227663391522,potato
4574,236.7544,1604.6,-7.7,34.0,5.9730945032619,4.31260183286824e-05,12.1,5.251094998242031,banana
880,913.35565,1282.8,-1.8000000000000007,29.9,4.570972223321792,0.0501596919828642,2.5,1.534407401321477,tea
1463,588.07635,1165.1,-4.9,30.7,5.529023838142912,0.3475897320184348,2.7,1.6349845945664492,cassava
4844,696.022,1401.5,-3.7,29.9,4.338308584364568,0.050773066720534,0.8,0.5705915706776239,tea
4120,658.2317,1420.9,-4.0,28.8,5.016694457694306,0.4153001926073136,6.0,2.3460152201295275,cassava
314,544.7251,1037.1,-5.3,33.7,6.458129086650822,0.7469376295429022,0.7,0.3692332797727025,wheat
1873,757.8065,515.4,-3.9,30.8,6.242386343152321,0.3094525289682217,1.0,0.56413601304023,wheat
5021,678.9786,2013.5,-3.3,31.8,5.65062595733345,0.1932565447897944,6.6,4.191997262622718,coffee
4762,662.8209,1865.0,-3.6,27.9,5.268981617927962,0.1205228576540362,7.1,4.07215382216631,banana
2232,424.11157,1447.4,-6.2,31.9,7.125080954197393,0.0734744481261123,2.5,0.8208073214232745,banana
5424,847.20715,1790.4,-2.0,27.5,4.776571837315392,0.1282653904114373,1.7,1.3327980777767308,tea
640,747.2899,972.9,-3.8,32.0,6.058899067413317,0.6779949091712156,3.8,2.0102978424865623,cassava
2179,710.0359,1777.5,-3.3,31.2,4.557845870357853,0.0822194386204777,0.7,0.5867155921255559,tea
234,603.406,1725.3,-4.2,31.0,5.559410907892697,0.1277750048066236,4.3,2.18183247269943,banana
4641,780.80206,762.0,-3.5,28.7,5.651251562344451,0.4590528878909872,7.4,3.24538613144595,maize
1080,462.0987,1569.5,-5.7,34.1,5.20275576494616,0.079553497112204,14.9,10.512780454863377,rice
5145,377.96777,1414.1,-6.5,34.1,5.94571300494021,0.0516428639456161,4.4,2.84960508133016,rice
1095,697.30554,1835.2,-3.3,31.1,4.410784702814666,0.0844550137933087,9.1,7.766155607434546,tea
4888,514.06445,1166.8,-5.6,30.7,5.637338376716966,0.7451593179622786,3.8,2.0967154869385047,cassava
619,762.97943,1044.7,-3.4000000000000004,27.9,5.444941094933164,0.1276730177784888,1.2,0.550221327777348,wheat
3224,772.0555,515.7,-3.9,29.8,5.364441635177274,0.3317738915724487,1.2,0.7230880763786579,potato
3115,300.43658,1711.8,-6.9,31.7,7.133975769330204,0.0151028380603885,1.8,0.8442081177066423,rice
262,276.6052,1719.7,-7.2,34.2,6.11277513688947,0.2857156819301497,2.7,1.4423771759582236,rice
4583,819.1848,639.9,-3.3,29.4,6.260906679938194,0.1827778512561801,13.4,7.712407346617493,potato
1673,337.76413,1637.5,-6.7,33.4,6.734644316154453,2.7991459293419392e-06,12.1,6.904904610719301,rice
5442,820.68616,637.3,-3.3,26.0,6.223750041866123,0.2956434077556517,1.8,1.014578217891591,potato
3466,615.82733,1387.3,-4.5,32.1,6.575917301007387,0.0522185937208726,2.7,1.1654397425931473,coffee
4072,340.18655,1743.9,-6.7,34.4,6.214864725804857,0.0119152694514281,3.1,1.4862589560817825,banana
241,505.25302,1976.2,-4.9,29.7,6.412576355837626,0.0225608517201446,1.4,0.8193730575713901,banana
147,638.26935,1343.6,-4.2,30.1,5.201093315104745,0.7710904461217887,2.2,0.8898384018476622,cassava
4264,758.77356,1235.5,-3.3,32.4,4.605919899325302,0.2934389699105038,4.7,1.969854854206948,cassava
4854,373.09207,1793.1,-6.3,34.1,5.207197269122148,0.0012683476353805,0.5,0.2189643347752822,banana
4618,841.04315,588.4,-3.1,30.5,6.28935326581276,0.2219557969983518,4.7,2.998934902598205,maize
4187,358.4658,1693.8,-6.5,32.5,6.523888820929853,0.0778565435644934,14.7,7.609090598417596,wheat
572,761.5491,529.4,-3.9,31.5,5.675683192564698,0.3103954864516873,4.8,2.402961560723551,wheat
2221,111.650955,1546.0,-8.9,31.8,6.7410783738484295,0.0221996041355639,5.8,3.082143361262794,wheat
5613,417.43506,460.0,-7.1,29.8,5.604309773640778,0.0025030204967491,3.8,2.511488864765457,potato
2982,630.4427,921.6,-4.7,28.4,5.904784928435757,0.0827053881352657,10.8,6.794898061034044,maize
398,701.29846,1023.5,-4.0,30.7,6.414491107710707,0.4050980794370742,8.4,3.774831818701154,maize
1794,680.40753,884.5,-4.3,29.5,5.772554275395831,0.3843415377494579,14.7,6.630391400935689,wheat
4174,755.3858,2251.5,-2.3,30.8,5.661922642259574,0.3683897812928849,2.7,1.7896265676860816,coffee
5184,639.9337,561.9,-5.0,33.4,5.207249478945123,0.346752763677432,1.6,0.921006183540146,potato
819,725.89374,1106.4,-3.7,30.4,5.127946431049781,0.1013695356557584,12.3,5.188036482268206,wheat
5586,769.99286,945.9,-3.4000000000000004,28.3,6.254255672600127,0.2623383542656025,0.7,0.3795029370624995,wheat
2644,807.03033,2318.4,-1.9000000000000004,27.4,5.591825152522672,0.3495421021626458,8.9,4.9009205341890505,banana
1084,263.2158,1686.1,-7.4,31.9,5.62685526021795,0.0036137005059635,3.6,1.5411996316791463,wheat
889,924.0038,985.4,-2.0,26.0,5.58377747415205,0.2642269506074302,1.0,0.5996740902982598,potato
3168,333.22452,1712.7,-6.7,33.5,5.720400118459041,0.0263637566829307,3.4,2.0358190116488406,rice
2817,820.0144,1463.7,-2.5,29.2,4.3012738125447445,0.0542003479602999,0.7,0.4615751628158551,tea
294,882.8078,631.2,-2.7,31.8,5.692554404093272,0.3027391004106751,1.4,0.7753959299987276,wheat
4020,660.10785,409.3,-4.9,31.6,6.407455255456087,0.3009800349755132,0.8,0.3881376618852858,maize
3198,808.80945,773.7,-3.2,31.7,5.878251433762331,0.2611443677252621,2.8,1.650726164119721,potato
265,617.0832,1181.8,-4.6,29.5,5.8241665330681,0.0928368959444631,0.8,0.3878677926013759,coffee
3339,615.3254,1939.1,-3.9,28.7,5.632685680744099,0.3186588818216614,0.6,0.2680009840226102,coffee
1345,553.2653,1719.8,-4.7,32.7,6.309999968061288,0.2842221284915818,1.8,0.8251271606646677,coffee
2164,811.3704,478.4,-4.2,28.6,5.444433244403783,0.2126836074123914,0.9,0.562390223382691,potato
1203,567.62573,411.2,-5.8,32.3,5.1563750160495605,0.0542226836887771,0.6,0.3580572693375351,wheat
4930,569.56757,1061.4,-5.2,31.5,5.868879864726383,0.8000285025804874,1.6,0.7490211831358073,wheat
4262,465.44757,1874.2,-5.4,32.9,6.777337437126314,0.0696812357310976,3.5,1.6958145825328297,banana
2852,820.2309,556.9,-3.3,28.6,6.376099020154258,0.2363369503519509,7.0,3.866931154047182,potato
1652,645.5336,1108.6,-4.4,31.5,4.7326381762513705,0.2251857296335931,2.0,0.7443276612287961,wheat
5404,423.89645,252.0,-7.2,32.7,6.126747633319443,0.0244459774339986,1.7,1.1286945343871553,wheat
3238,788.16364,947.4,-3.4000000000000004,31.3,5.472832844259408,0.2017423755994044,1.2,0.7113152999248765,potato
1052,719.7445,1247.2,-3.6,31.3,4.600586930499848,0.0350698414930474,2.7,1.906471485943498,tea
2436,706.42114,1220.0,-3.8,32.0,4.25480119881168,0.118413574990852,0.6,0.3966680299980581,tea
2715,846.6089,1333.0,-2.4000000000000004,28.5,4.472517988718972,0.1568208049010889,8.5,3.7097536822410375,cassava
4026,801.112,2329.6,-1.9000000000000004,30.5,5.40929861484107,0.3313020753109616,3.1,1.989220139041744,tea
3287,768.33997,1349.7,-3.1,27.9,4.510429560534894,0.0538339138056619,2.0,1.3799024958886712,tea
5164,792.9766,1285.5,-2.9000000000000004,28.1,4.210805661405587,0.4585473818098137,8.7,4.622340006244386,tea
5300,518.87695,1997.0,-4.8,31.9,5.4646559444538765,0.0209858682329959,0.5,0.1994055443438517,cassava
1618,409.68567,1301.2,-6.4,33.2,5.271597363309647,1.006082112069641e-09,4.0,1.7396787643763092,banana
591,278.64334,1676.0,-7.2,32.7,7.017263246660282,0.0223230650364007,1.9,0.9170739243641602,rice
5445,862.32684,1349.0,-2.2,29.2,5.881824141799389,0.1427707277373099,13.6,7.862636249006686,tea
4043,768.8641,1246.3,-3.2,32.5,5.480116850712332,0.4848941877936085,15.0,7.378234260450005,cassava
497,372.5474,1367.7,-6.7,33.7,4.89535447078473,0.0406912907976553,7.0,4.194218259939031,rice
3443,717.0108,878.4,-4.0,32.7,6.479805792348094,0.150036358949686,2.3,0.9783435398962558,coffee
1638,437.6333,169.2,-7.2,31.0,5.758009514123805,0.0868796678839681,1.9,1.148401615620057,wheat
4330,647.2512,801.0,-4.7,31.5,4.986405797702837,0.0604029357524147,1.9,0.8432615858622543,wheat
4995,634.2844,1834.3,-3.9,29.0,5.688204070974074,0.0887532277317108,0.8,0.452312906526145,banana
3302,789.80206,1358.1,-2.9000000000000004,29.6,5.046068688269754,0.0258076799246885,5.1,3.56608458727502,tea
4914,736.28296,855.1,-3.8,27.4,6.144053565285179,0.398885412760057,3.8,1.8215337795919588,maize
5180,409.2911,1534.9,-6.2,32.2,5.708219704184813,4.276232056584893e-08,4.5,2.136285581882812,wheat
3769,579.17303,386.2,-5.7,30.2,5.565522760031,0.1036305258384812,1.8,1.1311808091990168,wheat
4826,699.61786,770.6,-4.2,29.6,5.850575460130002,0.2620801769165038,1.8,0.9179554356343042,wheat
3476,556.1399,1829.5,-4.6,30.2,7.174313413130265,0.1356916160358298,0.9,0.377720312344645,coffee
2858,494.76767,1879.7,-5.2,36.7,7.48123216303768,0.0728221351325719,9.5,4.0516130520209535,banana
3033,253.1362,1672.4,-7.5,34.8,6.6516332070788975,0.0018551206555842,4.8,1.8900720045407624,banana
5494,626.9848,605.6,-5.1,31.1,6.102836907124724,0.0294603369956201,2.4,1.681999658694599,maize
3566,659.19183,1472.3,-4.0,28.4,4.9924658250598455,0.0157092694670344,4.3,3.38010433556667,tea
3893,471.7928,908.1,-6.2,31.8,5.339164177543982,0.8821198996068692,1.1,0.5808367942313097,cassava
1443,385.39005,1674.1,-6.3,29.2,5.8705530519351,1.3289070241003937e-06,0.6,0.3819533163404726,rice
263,392.29877,1697.7,-6.2,34.1,7.050420753800386,0.1539439821990899,2.8,1.323132486336182,wheat
4230,184.3587,1609.5,-8.2,32.9,5.528806913291311,0.001221263795127,0.7,0.2920650481373643,banana
2777,871.1677,670.8,-2.8,29.0,4.975889563402536,0.2143733475669524,0.7,0.3224400795309842,tea
2732,596.35175,422.8,-5.5,32.7,4.993904271044785,0.1005962239970369,4.0,2.560694900944272,potato
2525,444.2867,1769.8,-5.7,32.7,5.826984765316194,0.0896526536823864,3.3,2.1100923482229224,rice
1098,635.79034,423.4,-5.1,28.1,5.899879247455733,0.1428216954534088,1.3,0.8846260941475874,wheat
2855,960.0924,794.4,-1.9000000000000004,27.6,5.235891897756533,0.2243437109068007,4.5,1.9377397990248264,tea
1276,820.06006,1100.9,-2.8,29.1,4.939950195278957,0.0372969270660534,9.9,4.306414215226731,wheat
3505,751.1485,554.3,-4.0,31.4,5.644735628038989,0.1391605216475655,1.0,0.6341222733061462,potato
3063,843.31506,845.7,-2.9000000000000004,30.6,5.911530578881572,0.2245562597372568,1.0,0.5205302584572506,maize
5468,88.71992,1509.9,-9.1,34.7,6.917471517740594,0.0010362830554087,1.3,0.6555212872493138,rice
5322,639.05304,1135.1,-4.5,32.1,4.821581576697593,0.0827610388915918,4.4,2.150640867259571,cassava
393,712.7882,1675.0,-3.3,30.4,5.115645948427954,0.1191456900469637,0.6,0.4853469525707544,tea
4982,974.69855,1387.6,-1.1999999999999993,30.9,4.960029955159632,0.0791194064286529,14.5,8.86657745876107,tea
639,371.51312,1781.3,-6.2,35.4,5.284847561326735,0.0361785210896108,1.3,0.7284168408676438,rice
1913,586.5324,373.0,-5.6,27.3,5.605495307552077,0.1659168597965808,4.8,2.994245566870564,wheat
1820,648.3559,692.1,-4.8,32.8,5.160157590156988,0.2756024265491643,1.0,0.5765389104360045,potato
137,614.2358,1179.2,-4.7,32.0,6.042677795240905,0.4203707897537773,2.0,1.1668284134332,wheat
3583,879.6223,1365.8,-2.1,29.7,5.555644863867944,0.1042940001566674,4.9,2.3352545842899946,coffee
386,433.93597,1707.2,-5.8,32.2,7.160703263551264,0.0402519299553361,5.8,2.22340378335138,banana
2451,621.83356,984.4,-4.8,30.9,5.590857729788835,0.8878921508817168,0.8,0.4594301687495485,cassava
4509,893.1322,688.4,-2.6,30.2,5.011323786492405,0.2650473568664651,3.1,1.4340287648670966,tea
1474,267.11285,1600.8,-7.4,32.2,6.728554471918014,7.06565335932428e-05,6.3,3.212741883236257,wheat
609,756.6148,515.5,-4.0,30.8,5.626455420680044,0.3073732369183407,1.9,0.9352089527723586,wheat
4940,885.56525,1509.3,-1.9000000000000004,29.5,5.046188650483027,0.0933841107179623,3.2,1.477748584873103,cassava
1285,870.8868,904.9,-2.6,26.9,4.43631046863073,0.2597861488064585,2.0,0.8427563099964366,tea
4413,769.474,2113.4,-2.4000000000000004,30.0,4.002131086937196,0.3304694566013995,4.3,2.6638341393337743,tea
5317,709.03674,1602.7,-3.4000000000000004,30.3,5.544728297256111,0.1797786529804314,3.8,2.021498140201776,coffee
2147,507.41687,1352.4,-5.5,29.3,4.825152144821482,0.0080437714025894,3.6,1.4537350509494051,cassava
3835,860.4339,1779.1,-1.9000000000000004,28.3,4.997154204535518,0.2445337098901064,2.4,1.821012822845688,tea
4340,867.50305,1376.7,-2.2,27.4,5.420761644576372,0.2523431099234777,11.6,7.3058405253701055,tea
3651,365.4722,1440.1,-6.7,33.2,6.4433052968361055,0.0316106837863718,3.3,1.3182643132419776,banana
3049,622.0514,372.9,-5.3,31.8,6.4630796918091145,0.318403350544099,4.9,3.3476839790006534,wheat
4921,777.1347,923.2,-3.4000000000000004,28.7,6.573449590378733,0.2224149281803677,10.8,6.074408143333841,wheat
5046,567.60315,1364.7,-4.9,26.9,5.38515374069938,0.0192889384431449,2.7,1.2906214115663586,cassava
1531,546.1498,1483.9,-5.0,33.2,6.258444202413047,0.0452032267870674,1.1,0.5096314651066289,coffee
4664,829.1765,1475.0,-2.4000000000000004,31.5,5.40810984768247,0.1051320782737434,9.4,4.84269440492536,cassava
1060,767.55615,1720.1,-2.8,27.8,5.576051237567776,0.205203841585175,2.0,1.0714190445305192,coffee
974,674.5443,1618.1,-3.5,31.3,4.642112762453137,0.1461116009014874,1.2,0.9607762989526264,tea
5292,726.0872,1311.6,-3.5,31.8,5.20105464147329,0.322808011945726,2.6,1.1909047866868503,cassava
906,422.5767,243.7,-7.2,33.1,6.014783874907579,0.0234716982488202,1.3,0.8456739012930126,wheat
1277,695.1945,1032.4,-4.0,31.7,6.204148087119565,0.3615184507968368,1.9,0.8561019901182553,maize
2918,794.03265,555.1,-3.6,31.6,5.339621079213162,0.2482207432180791,10.4,6.495459051569618,potato
3140,703.3587,672.8,-4.3,30.2,5.288757490577803,0.4341307567711471,0.5,0.2074982561516234,wheat
5027,762.8511,1196.0,-3.3,27.4,6.462065451682729,0.3982191046583099,4.7,1.6377693108064233,coffee
649,561.06793,1630.2,-4.8,29.2,5.510942310437508,2.0425112729960608e-08,2.5,1.152257998834114,cassava
694,774.3505,1170.4,-3.2,27.2,6.244472660456066,0.4826817679937849,7.5,3.431769542005992,wheat
4748,666.52606,750.9,-4.6,31.7,5.393194153025373,0.4060672177448999,0.7,0.2754035277086582,maize
3220,593.69073,742.5,-5.2,28.9,5.414601913205956,0.1186554480204685,3.2,2.162994439831395,potato
91,636.7583,999.6,-4.6,32.7,6.688992314630864,0.3404237408133587,2.9,1.8934551228516727,wheat
2928,870.53033,846.1,-2.6,27.6,5.290945046548661,0.2562961565468362,4.2,2.025430094438295,wheat
4586,805.4772,1764.5,-2.4000000000000004,29.2,4.666637199119876,0.2147002322746027,1.1,0.8573828096474178,tea
5428,551.8206,803.7,-5.6,32.0,6.332017308119214,0.1808054473751137,1.4,0.9790516746653354,wheat
280,587.8492,737.8,-5.3,32.6,6.0167939156587344,0.2050274406828528,1.2,0.8189242301438412,wheat
331,595.4138,1989.6,-4.1,31.7,6.137553768370368,0.0692883506588453,1.5,0.807476233505269,coffee
2424,740.156,813.4,-3.8,31.4,4.934165973173407,0.2185153888122752,1.6,0.7963110852783623,cassava
2058,468.65497,1592.2,-5.6,32.9,7.316799922489402,3.5791631328230626e-08,7.4,2.6270179201306383,banana
4885,509.59415,1235.7,-5.5,33.4,5.455914000391548,0.0855396776936096,3.4,1.612057727194232,cassava
3619,925.8756,867.6,-2.1,29.0,4.810541318565718,0.212125353126734,1.6,0.9052231272746012,potato
1974,580.7956,430.5,-5.6,32.7,6.478684888923438,0.0709196595025833,7.7,5.086653797918115,maize
1310,778.377,973.8,-3.3,30.0,6.679370217095965,0.4582760114290882,6.5,3.203654923492352,wheat
2792,903.34326,776.9,-2.4000000000000004,31.7,6.49434555899586,0.2086449657945761,0.9,0.5452632582882737,wheat
829,664.95166,1950.8,-3.5,32.5,5.5750529849090125,0.1873106522638682,2.0,1.2225936869040148,coffee
1072,687.4769,460.9,-4.6,31.1,6.024592253647634,0.2122188224402136,2.4,1.3576919199902364,potato
3038,642.4082,635.3,-5.0,27.1,5.204687142024029,0.1769463361596715,1.4,0.6502405626713663,wheat
1219,692.22076,988.7,-4.1,28.9,5.877975508928839,0.1844154759205966,1.0,0.5916549631658841,cassava
3612,825.08325,607.1,-3.3,29.9,4.5611959403404665,0.1783288516514652,0.9,0.4460347372265339,tea
723,760.91797,1742.2,-2.8,30.6,5.2869476391170895,0.0564461678918273,11.3,9.153510048334086,tea
1956,306.47552,1658.6,-7.0,31.6,5.41491797643769,0.0255254185475327,0.7,0.2873165758906675,banana
2157,893.15924,1181.3,-2.0,28.3,4.8390738974926615,0.5446183610590376,3.7,1.3159960980568484,tea
2621,483.6861,1867.5,-5.4,30.3,6.09865275047955,0.0677957449608784,2.9,1.6094974092937344,banana
687,874.33307,1161.9,-2.3,27.6,5.731601074179767,0.1203951821851469,3.2,1.6621047928999488,wheat
5132,524.4097,1104.6,-5.5,29.5,6.490775808612503,0.8334103028149307,2.3,0.7075984113059675,coffee
3931,647.0724,1774.8,-3.8,30.5,5.212923838081904,0.1173839398900733,5.7,2.443745300303095,cassava
1824,756.7193,1016.1,-3.5,32.7,5.739434666501304,0.0226292180900751,6.3,2.4536235708989653,coffee
2516,575.6155,488.0,-5.6,28.7,6.341649771416495,0.0233056695177495,9.7,7.146530310985251,wheat
896,705.11145,2069.1,-3.0,29.4,4.795794179970657,0.1982864994296706,3.1,2.445260784909305,tea
2249,614.38666,359.9,-5.4,29.5,5.015112124703804,0.3497704550227191,1.4,0.8391215484410824,potato
1562,514.51306,248.8,-6.5,31.7,6.481416757413358,0.2051960495735582,2.0,1.0581950775958229,potato
1534,884.85846,1448.7,-1.9000000000000004,28.1,4.0386707974344,0.0827712702538574,3.8,2.1916490168250222,tea
4708,801.5376,811.0,-3.3,30.1,6.390190831714669,0.2945985142392862,2.5,0.8719810756462623,coffee
5486,595.29865,938.5,-5.0,30.7,5.1365152587578455,0.8817891386652899,3.7,1.920936515776884,cassava
1132,810.49603,1415.4,-2.6,29.3,4.178054958615623,0.1890337472825722,1.0,0.6211641426839364,tea
4681,508.7737,1472.8,-5.3,31.9,5.76505571689346,0.0100626369483756,5.4,2.901772337686681,banana
1294,740.9102,600.1,-4.0,30.8,5.328644775924828,0.2727455236940829,14.8,6.577923433029497,maize
5248,779.608,1405.6,-2.9000000000000004,27.3,4.601477552471805,0.9954133959472448,1.4,0.4201334637105401,cassava
1377,699.1093,607.4,-4.4,31.3,4.959400883085078,0.2349322775558138,3.1,1.8037566581350293,potato
2432,434.8506,1063.9,-6.4,31.3,6.746825892898941,0.6108547619884837,3.2,1.5922333768272816,maize
3212,682.8676,818.8,-4.4,28.5,6.497911386229377,0.2243469360935973,4.9,2.749949189277818,wheat
158,500.32855,1105.6,-5.7,32.2,6.274752330897496,0.647893090378304,12.7,4.537735151756167,coffee
4103,204.46739,1595.2,-8.0,31.2,5.853613825738778,0.000259947236613,3.3,1.552039475596311,wheat
348,279.32495,1620.9,-7.3,33.8,7.481469360151274,2.442047445493581e-05,4.1,1.734477294643724,wheat
3103,727.8497,1346.3,-3.5,30.2,4.691975536403552,0.9786902847086436,4.0,1.9760359105150973,tea
1854,702.7782,803.2,-4.2,29.0,5.050538263319673,0.2544533475426946,3.6,2.021795104886744,potato
2401,754.8211,1143.3,-3.4000000000000004,30.7,6.081865916142031,0.7724383964125875,2.0,0.7325934240280182,wheat
426,657.01483,1010.3,-4.4,29.9,5.708109628528287,0.1256105696221073,2.1,1.2485878002575723,cassava
141,668.4095,1283.2,-4.0,30.6,4.506549463664547,0.0685618235119231,4.3,3.125449128848291,tea
2367,667.63025,2102.6,-3.3,31.7,4.802326581076783,0.2690106098221361,5.8,2.875291230153727,banana
3387,573.66614,1126.0,-5.1,33.9,5.008979926998359,0.7855172925294764,0.9,0.3397683408909638,wheat
4972,595.1161,766.2,-5.2,30.7,5.9917645753421205,0.0297444749048563,1.6,1.1205884927834184,wheat
2285,909.66986,1312.4,-1.8000000000000007,27.7,4.415230799518252,0.0273675974803947,6.0,3.630106551929029,tea
3237,763.8456,1282.3,-3.2,32.0,4.058421065927078,0.7091722898788237,3.1,1.2901221303050636,tea
3539,742.6732,1143.4,-3.5,31.5,6.409102599048878,0.270636402076904,4.0,1.880490970611932,maize
2769,784.814,1176.0,-3.1,27.7,6.181570874865547,0.5766706281105786,14.8,6.300629775785121,wheat
845,383.8851,1654.0,-6.3,33.4,6.412494246520014,4.15141816739618e-07,5.7,3.029219511815093,wheat
2533,880.5996,954.1,-2.4000000000000004,30.4,4.861207332222572,0.3238110021545424,6.7,2.9673356393731694,cassava
3469,885.5235,758.6,-2.6,28.5,6.174373287411389,0.0472634212693921,0.7,0.2682551497623515,coffee
2848,549.9168,449.6,-5.9,31.7,4.769257939494752,0.0317852046543578,0.8,0.4926388676073849,potato
550,610.05585,915.6,-5.1,31.8,5.856476339435195,0.4250796473727877,3.4,2.0024974837557608,wheat
2278,667.3792,1625.9,-3.8,31.4,4.844912744152634,4.86879716015066e-09,14.3,11.751983613952,tea
2069,520.32666,548.1,-5.7,35.7,6.074143452146076,0.2039399857084435,1.0,0.6908013921579884,wheat
1473,468.6026,514.9,-6.6,31.7,5.451130744287485,0.0016377381635725,0.9,0.6107732435877291,potato
5571,870.6006,615.6,-2.8,31.3,4.565260624046706,0.2991671239571419,4.6,2.2561370023455187,potato
2690,632.80566,1364.5,-4.3,30.9,6.987210239244233,0.4959081859434061,3.6,0.9794584192713656,coffee
4654,612.6953,1633.6,-4.2,30.3,7.178292819591349,9.714016424846891e-09,1.1,0.4208335569402567,coffee
2421,799.57513,882.9,-3.2,30.2,6.191892783864064,0.3282568685302867,3.5,1.8715637791703648,wheat
4440,756.0141,1155.8,-3.4000000000000004,30.4,5.330912094679944,0.8726091983522308,14.2,5.193420068720827,tea
805,518.53674,1919.4,-4.8,29.7,6.691571485704164,0.0103535373293025,2.5,1.324972591305245,coffee
3512,500.56625,1552.1,-5.3,32.8,7.016757863826949,0.0075905359950346,0.6,0.3138711234970946,wheat
2938,379.03036,1731.1,-6.3,35.2,6.501596424157359,0.0633403244122936,4.2,2.238601772762341,coffee
3933,557.99536,301.3,-6.0,31.3,5.80644184027866,0.0901210946013037,1.0,0.6399570208997418,potato
869,691.2452,1640.5,-3.5,32.7,4.12386939907078,1.6918899279620927e-08,3.0,2.21957019200814,tea
4837,368.30954,452.9,-7.5,32.7,5.617567012559286,0.0141557800032268,1.6,1.056822117273341,potato
4012,313.23312,1439.2,-7.2,33.1,5.809445965052944,1.2145879961128273e-07,1.1,0.686737294278167,rice
2669,411.9209,1866.2,-5.9,31.3,5.523919573041551,0.0192552503772591,8.9,4.550255969718397,banana
1430,604.35693,755.6,-5.1,32.7,5.904004628177726,0.2006426248372088,1.3,0.870251571219953,wheat
1903,812.44867,1171.7,-2.9000000000000004,30.8,5.1737671876093865,0.6747864245858477,4.4,2.152967896251652,cassava
3430,650.0691,760.7,-4.7,31.9,5.328592521573237,0.216755739044986,4.1,2.412518121457812,potato
4653,790.9501,563.1,-3.6,30.0,6.26187152846083,0.325300235421757,0.9,0.4859354444868002,maize
4270,735.9919,1109.7,-3.6,30.5,6.483047454865369,0.1444678828380121,5.0,2.165182682043341,coffee
4243,883.70197,1414.9,-2.0,29.8,5.1030872065184765,0.0586263012699277,10.0,6.6222274237788845,tea
1505,855.45953,592.6,-3.0,31.1,5.930736982717093,0.2706679578324658,3.0,1.8381839920064764,wheat
2754,744.1504,1949.7,-2.8,30.7,5.424692158192274,0.0962607245768891,2.9,1.870305755885864,banana
226,432.54065,1801.7,-5.7,32.6,6.892378897331741,0.0993793197825897,3.2,1.5915636154547437,wheat
2170,783.63544,1750.0,-2.6,29.0,4.619507643100965,0.121824608076206,1.7,1.3478983373532956,tea
5041,909.25104,1145.2,-2.0,30.0,4.428621946184519,0.4255595895372546,7.1,2.6835907670511583,cassava
2541,227.08269,1636.0,-7.7,34.5,6.735651202566619,0.0060694108583158,0.7,0.3549798643490506,wheat
2514,647.767,854.0,-4.6,29.0,4.502199634115,0.1642137447085894,0.9,0.4413675619942958,potato
3864,872.1399,954.0,-2.5,30.3,4.123887435658129,0.3265301421409833,0.5,0.1911415253949436,cassava
4806,806.45996,575.1,-3.5,29.0,6.46477043935711,0.3105897655167826,9.2,5.432675561320146,wheat
705,749.4789,1132.0,-3.5,30.1,5.366133776985053,0.338294075686646,2.2,1.2033320409097372,cassava
37,572.3282,1632.1,-4.6,33.8,6.767187005321462,0.0404663132393637,2.4,1.066300304726029,banana
4876,571.26074,882.8,-5.3,31.2,5.147708830090885,0.7573935874333422,1.5,0.7828856319023323,cassava
1919,117.21302,1524.5,-8.8,34.0,6.807162100548939,0.0001349150076227,1.9,1.005256246442133,wheat
1257,872.4198,2408.5,-1.1999999999999993,27.4,5.916874282416631,0.3129388455420831,3.4,2.004562381708997,banana
121,790.7851,1598.5,-2.7,29.7,4.188630970895279,0.4203165496303734,1.1,0.6730884792351047,tea
2576,497.57162,1345.1,-5.6,33.9,6.415692144508495,0.0638779183498509,1.2,0.6846725068678563,wheat
4139,515.35736,872.3,-5.8,30.8,6.720964590776927,0.7894075086041435,4.5,2.3746120656576712,wheat
3426,679.6779,559.6,-4.6,31.3,5.025674645890994,0.4389565858933054,14.0,7.661957827433571,potato
1161,835.1931,885.6,-2.9000000000000004,29.0,4.901242637272616,0.277456965006651,4.4,2.006833109343808,tea
2415,292.33,1720.2,-7.0,31.8,6.67724572191331,0.0032220665022559,1.7,0.7006506058594308,banana
1807,611.9255,410.4,-5.3,30.7,5.8553593061174976,0.1505321404837396,3.9,2.604622081020165,wheat
671,492.16647,1911.4,-5.1,33.3,7.00889999018294,0.0025579767745078,4.4,2.120854912185539,banana
1116,860.9256,851.6,-2.7,29.6,6.043147081763057,0.2354934432056716,13.5,8.015248887548617,wheat
3249,247.9342,1690.9,-7.5,30.4,6.71455391832425,0.0693305001905242,6.9,2.6530275852044527,banana
2511,631.2212,918.9,-4.7,29.9,6.3927114896223785,0.7039631866875881,0.9,0.5075995616257374,wheat
1188,327.77527,1630.0,-6.9,33.1,7.0372792101425885,1.5854696498741915e-05,9.7,4.987929731261532,rice
951,781.3368,642.9,-3.6,29.6,6.315003498798644,0.2532326785459493,1.8,1.0292463734398654,maize
3272,853.8916,814.9,-2.8,28.9,5.186043580382036,0.2462133773747832,3.2,1.6117185292623208,wheat
493,621.4282,1383.9,-4.2,27.9,7.18994031171441,0.1955163494273793,1.5,0.7669942598816618,wheat
1586,262.85223,1673.0,-7.4,33.0,6.576268221843779,0.008188681573962,4.2,2.141307329351285,wheat
495,459.50684,1065.7,-6.2,31.3,5.100175356931134,0.7251122265304875,2.8,1.4615278819309518,cassava
2594,739.0474,1397.0,-3.2,30.1,4.252361180089388,0.1281099269075809,1.3,0.472291805995445,cassava
4733,722.6521,816.9,-4.0,29.6,5.835115380489863,0.3018200680820105,3.3,1.5590286898294812,maize
3730,687.53546,1458.2,-3.7,31.9,4.779537855651475,0.6091233905219888,1.3,0.4808998532934166,cassava
4891,379.43668,1695.4,-6.3,34.4,5.525407035044507,0.12667199127033,4.3,2.033377809120986,cassava
3078,709.26794,849.4,-4.1,32.6,5.5335133068043385,0.4729750815842171,13.3,5.380901718961723,wheat
182,293.50955,1628.8,-7.2,32.3,5.880206726609568,9.425088998298988e-05,9.5,4.2235074940350525,banana
4507,853.65607,620.3,-3.0,29.7,4.94307037543635,0.278713876082473,1.9,1.132580638511914,potato
3550,727.6461,860.2,-3.9,32.1,5.131857536860928,0.320267583363497,14.0,7.232555156616124,cassava
5350,651.89246,1354.1,-4.1,29.7,4.876373428306741,0.4823597490245052,4.8,1.7780184997814292,cassava
3141,747.0854,2259.7,-2.3,29.2,5.681285641062314,0.3482726227792923,1.7,0.9418826829654886,banana
5057,851.3817,1064.0,-2.6,30.7,5.028574218293757,0.1637152742904017,10.9,5.176545787659385,cassava
1014,616.93744,1314.5,-4.5,29.8,5.743048093770975,0.5000031922632627,13.6,4.562377927039546,coffee
2695,718.63855,1102.9,-3.8,29.7,4.767584892963959,0.1067575837266386,0.5,0.2487994810033514,cassava
5625,614.65955,896.6,-4.9,28.5,4.809188669229381,0.2883572481019372,5.3,3.053343616135975,potato
3261,901.3067,835.3,-2.4000000000000004,27.6,6.373906002875824,0.0131473027338255,0.7,0.2603822479834686,coffee
3201,683.8247,1842.8,-3.4000000000000004,32.5,4.576285835078306,0.077494731070548,4.9,4.317585430883226,tea
3245,805.01715,1096.4,-2.9000000000000004,27.9,4.508614178585706,0.0387949713668706,1.3,0.5490186732159091,wheat
5039,559.69037,915.3,-5.4,32.8,4.702239193389697,0.8948985528241009,1.7,0.7655085518290091,potato
5258,494.58078,1649.3,-5.3,33.2,5.558734258113981,0.0110295347378141,2.3,1.5682780985729388,rice
5396,667.104,668.1,-4.6,30.3,5.170011165816485,0.2473995791394072,2.5,1.0589380235477186,maize
3571,510.46582,1339.1,-5.4,34.3,5.479400458431199,0.0092447234766696,7.3,3.2699547613047018,wheat
4720,618.13446,1919.9,-3.9,31.5,5.586877029208874,0.1689439666550588,6.6,3.781360008385213,banana
1212,871.26764,1417.8,-2.1,29.0,4.955525135713374,0.0461489432694364,5.6,2.664161916020137,cassava
1884,877.0513,953.3,-2.5,30.5,4.666919989691929,0.3370291635056285,4.7,2.10181525796002,tea
1466,728.98395,497.0,-4.2,29.5,6.458806730798177,0.2037469866003071,2.5,1.471583650302997,wheat
878,828.7853,629.9,-3.2,28.0,5.474007630159043,0.2744541310425254,5.7,2.860081769952202,wheat
4193,481.1299,1968.8,-5.1,31.9,5.847790421819043,0.0438023039705002,0.5,0.3147565724516291,rice
5130,385.8787,1607.6,-6.3,30.6,5.394939806371667,0.1202228584815267,1.1,0.6702297899360428,rice
2932,354.7736,1771.5,-6.5,34.3,6.762798327025288,8.643863298513783e-05,7.5,4.113430839209339,rice
2722,465.10025,1081.4,-6.1,29.8,6.497122325641044,0.6122954272951383,4.1,1.5361879315629208,coffee
340,841.27527,581.3,-3.1,27.4,4.802218005641497,0.2275869308384485,2.3,1.1996668069104717,wheat
4926,623.71857,2008.5,-3.8,31.9,6.836054626664247,0.0009306717385583,0.9,0.4617757691021164,coffee
4649,797.641,550.0,-3.6,30.3,4.846455174822226,0.2992042903667073,1.0,0.4664640305743027,tea
172,795.9156,1358.7,-2.8,29.7,5.231154425553558,0.4724227945168668,1.1,0.4844839873205302,cassava
3814,660.1242,2089.6,-3.4000000000000004,31.8,5.313327564410264,0.1945481025658699,4.4,2.563277003876629,banana
1030,254.92264,1630.6,-7.5,34.3,6.447958261412786,7.843208184787139e-06,0.9,0.3688003930017938,banana
2251,767.1385,1555.5,-2.9000000000000004,30.4,5.101980169397701,0.3468219114131987,1.3,0.579481156107996,banana
5082,464.6406,1961.8,-5.3,29.8,5.9243291480514735,0.0458794550192545,9.4,5.854228900207942,rice
3847,752.7499,1196.7,-3.4000000000000004,30.1,6.0092291945083245,0.7863724423718959,2.1,0.7335854687059354,wheat
2071,421.92526,423.7,-7.1,29.9,5.706384736823069,0.0010015650503299,2.3,1.4994523641177109,potato
4937,826.48413,1288.8,-2.6,31.0,5.338315835962766,0.548318214953223,13.5,4.3232127985201885,coffee
1173,658.12866,470.3,-4.9,30.3,5.206661210239767,0.1400946658937717,0.6,0.3581472549226809,potato
828,795.52783,2188.1,-2.1,28.5,4.319082434009543,0.2530805384788089,1.3,0.8613713347467593,tea
1197,768.6775,1242.3,-3.2,29.0,5.6480164265409165,0.2747583173842277,4.0,1.9265847919569503,coffee
4804,377.0812,1840.9,-6.2,34.6,7.445947092617353,0.1137616357621427,4.1,1.8286262267431124,rice
342,466.4494,1421.4,-5.8,30.8,5.154830356483091,0.0072100794474673,9.4,4.292638203008478,cassava
4619,682.38617,996.7,-4.2,29.6,5.399813750216224,0.2605308263721793,4.1,2.327178420944381,cassava
1429,598.3267,814.0,-5.1,29.4,5.968941109240929,0.0396691069404846,6.0,3.925394938917706,maize
1253,652.4753,1554.1,-3.9,29.7,4.424441810795461,0.0655803136303123,5.3,4.133903866800427,tea
4700,685.47974,1209.8,-4.0,30.6,5.554104694036937,0.0367357833377123,4.1,2.125056809548385,cassava
1784,440.943,1717.5,-5.7,32.6,5.34970846264657,0.1464294618436531,1.6,0.9670784272889036,rice
3855,825.44934,1024.0,-2.9000000000000004,28.8,4.845867175740107,0.4051060786984091,4.7,2.138602658061797,tea
1127,380.38635,1743.8,-6.2,32.4,5.616708407477064,0.0576790180612042,6.1,2.8765739930067484,banana
427,475.4802,1606.9,-5.5,31.9,5.638373184339661,0.0459395744820283,1.0,0.6842173985934052,rice
2199,450.9887,1945.7,-5.4,31.1,6.358902325502877,0.002925404468115,2.3,1.3016235814475536,coffee
3567,826.34796,1280.5,-2.6,28.9,4.714642471557552,0.4736086619454295,10.4,4.052701500786608,cassava
2334,711.5362,2150.9,-2.9000000000000004,28.0,5.578243731587524,0.3480467235126586,4.9,3.071058532807986,coffee
1718,430.55197,1697.1,-5.8,33.3,6.728332219868463,0.0278669212014085,3.1,1.3372848976326828,banana
1493,636.40204,1282.7,-4.3,32.1,5.4582936786498975,0.8916913962407483,1.9,0.5946673217538899,wheat
4422,663.45056,452.6,-4.9,30.0,6.598329621396433,0.15215480393097,4.9,2.5234241483920368,maize
4093,227.37833,1649.0,-7.7,32.2,5.505850945505892,0.0063922176993058,3.9,1.6292079958827137,wheat
3338,696.60785,569.5,-4.4,30.1,5.512895883474925,0.4141366460765814,3.0,1.2525179847725183,maize
2166,700.7477,1238.1,-3.8,31.2,4.342570539889198,0.7552397185743945,5.1,2.44456455575822,tea
2335,461.5422,1962.0,-5.3,33.4,6.273553124227149,0.0377249636162889,1.8,1.044234414772905,banana
580,600.27386,1139.4,-4.8,30.3,5.648920965104861,0.836932923075876,3.5,1.9599062788584187,cassava
1689,829.5958,1168.5,-2.7,32.7,5.414266780915973,0.4874764448467867,3.5,1.8964143163456568,cassava
347,364.08893,1666.8,-6.5,34.3,6.119288301099454,2.0306726673056547e-06,12.5,6.655259488980119,coffee
4841,734.3039,751.1,-3.9,30.2,6.084577795411933,0.3652237331224957,1.5,0.7540267927856306,maize
5558,586.0301,1656.1,-4.4,28.6,5.437540575690397,0.0749754464827206,1.4,0.5718953689216691,coffee
3618,673.73584,729.3,-4.5,31.1,5.209809908836437,0.2608139038577722,1.8,0.7921839273138799,wheat
330,534.42596,280.3,-6.2,31.8,5.559364422384986,0.0744807868192455,1.5,0.9150143894146088,wheat
3544,688.5655,555.1,-4.5,31.6,4.938554703156747,0.3339704950820515,1.8,1.00030345359409,potato
458,690.1351,1755.2,-3.4000000000000004,30.7,4.261510115555076,0.0851148425153491,3.1,2.4817576469652685,tea
4384,836.70996,628.6,-3.1,29.5,5.793595099354675,0.1664756094999338,3.9,2.485791975264328,potato
4051,836.71814,578.5,-3.2,27.4,6.353773840779723,0.2595368252285706,13.9,7.927806474043068,maize
1705,343.98083,1748.8,-6.6,31.7,6.192024381745002,0.0139608756483774,10.0,6.004222117035272,rice
140,608.1277,804.2,-5.0,29.4,4.9980364832225606,0.2198302818394708,2.7,1.5336228417812914,wheat
3311,730.4946,2175.3,-2.7,30.5,4.560955093162646,0.254685432661701,3.7,1.7926200438293838,banana
1995,907.6596,660.4,-2.5,28.8,5.433886265523759,0.2263848789200193,0.9,0.4640637049720442,wheat
1524,862.061,946.7,-2.6,29.8,4.587389888483691,0.3315015567078477,4.8,2.2950884511920804,potato
3055,670.27094,1296.8,-4.0,30.1,3.759989379473221,0.8511511985738937,1.5,0.7088416824415734,rice
3810,866.1403,614.5,-2.9000000000000004,28.0,6.1111697274759225,0.283956893948418,1.0,0.5912555589701448,potato
1506,386.26392,1717.5,-6.2,34.3,5.272542236150233,0.0371127404236087,1.5,0.6379571478993684,banana
736,742.2018,1102.0,-3.6,28.1,6.161655458017694,0.3941031770142513,4.2,2.010581872952196,wheat
4908,545.51526,1147.1,-5.3,30.8,6.370409218161085,0.8866748558015046,6.8,3.033471826606768,maize
3001,744.6239,1410.9,-3.2,27.5,3.8707634886961353,0.0199695474373735,1.9,1.166546910623135,tea
2560,678.26263,452.3,-4.7,29.8,5.274673086562219,0.1798739469406876,2.9,1.7316556338220936,potato
4368,748.4684,1900.2,-2.8,30.7,4.199199502133714,0.121024585596212,4.9,3.806190663023968,tea
3608,645.7964,949.8,-4.6,31.8,6.50967259412303,0.8263825210449549,2.9,1.1196837434912823,wheat
3095,793.05676,2200.0,-2.1,30.6,4.685562093688361,0.3613586711894115,4.2,2.804386294085774,tea
1357,302.72388,1644.2,-7.1,33.2,6.3741909332786415,1.582412673326307e-06,0.8,0.4141906648621902,wheat
3366,786.9622,1188.4,-3.1,32.4,5.683931099824343,0.8597917847893833,4.4,0.8179919854403322,coffee
4006,513.4353,1111.2,-5.6,29.5,5.604543846186538,0.568437311781314,13.9,7.5277014400424,potato
3758,488.64987,1073.2,-5.9,28.8,5.115234629231857,0.7695027436372576,3.1,1.1737273946567413,wheat
1890,558.34357,1987.9,-4.4,31.2,5.9728761618002455,0.0439404442486029,1.3,0.7093200462182975,coffee
1308,671.6328,714.2,-4.5,30.3,6.536881237702038,0.4517616651980155,3.2,1.5586594793291786,maize
2473,864.81085,816.3,-2.7,30.5,5.383644207742028,0.0116561342307662,1.3,0.8383265178472062,potato
3010,825.44525,570.1,-3.3,29.3,6.35702214192517,0.254137619509668,2.4,1.3318044044745143,potato
811,742.3673,1114.9,-3.5,29.4,6.044569355237358,0.4837953590074523,4.6,2.019376363204707,wheat
2705,328.88544,1600.6,-6.9,32.9,5.570135250962656,1.7259285885009056e-06,3.1,1.312311058876889,banana
4425,759.5778,431.1,-4.7,30.7,5.256331822372943,0.2273416415555221,0.6,0.359454866967263,potato
3668,695.4833,1733.4,-3.4000000000000004,30.2,4.987164687588731,0.119635382717035,3.5,1.3915890037487897,cassava
861,880.06445,1091.7,-2.3,30.0,5.959739626476646,0.4115607981337437,5.5,1.8244506459094,coffee
3798,453.6967,1313.8,-5.9,34.3,4.093760738262525,8.533467825241415e-10,6.9,2.48816275430974,cassava
1644,405.7907,1715.6,-6.1,33.1,5.8793329912192425,0.0724499112405563,4.6,2.3829505556989234,coffee
1762,441.1946,1550.0,-5.9,33.0,6.000300518506268,0.0413700164280128,2.9,1.344260026167183,banana
610,652.4048,542.0,-4.9,32.2,5.0266870973843645,0.447851683310337,3.2,1.7238367271717614,potato
2885,149.14777,1545.6,-8.7,32.6,6.830498751906383,0.0006766649030379,0.8,0.3857987739095653,rice
3395,868.26294,677.6,-2.8,26.3,5.591258801384368,0.1875296996665598,2.8,1.6899815188282326,potato
2526,788.76544,2046.2,-2.3,29.0,3.807300157923901,0.2315368451392094,0.8,0.500245612134674,tea
2820,542.57446,1606.9,-4.9,31.5,5.49767131071379,0.1246901126606912,1.6,0.7313772316598494,banana
1205,690.9264,972.8,-4.0,30.2,5.317227724645212,0.0176305485709551,1.2,0.7112474004201369,potato
1692,604.8694,544.6,-5.3,31.8,5.297878923258907,0.0332182929356746,4.5,3.1320014335842017,potato
150,677.46655,939.7,-4.3,30.8,4.595285849444123,0.2181736766501895,1.3,0.607424467603412,cassava
1584,404.04434,1665.1,-6.1,31.6,5.665067835602988,0.0821560840506186,4.2,2.668961838736528,rice
772,733.28033,1942.7,-2.9000000000000004,31.1,4.845299070006153,0.2814221718392579,2.4,1.928653347666679,tea
3518,518.2541,402.4,-6.2,29.8,5.689133729130512,0.0387087318073915,4.6,2.960106907187202,wheat
3182,834.3819,974.0,-2.8,32.3,4.983880262754763,0.3334076070247152,0.5,0.2649635233096166,cassava
1894,533.1519,1132.4,-5.4,31.8,4.849784745557423,0.8467954364918773,3.1,1.4418626743653693,cassava
3397,521.4868,263.0,-6.3,34.2,5.269281428015456,0.194066236091256,3.7,2.0679313246135105,wheat
5479,798.69025,2289.6,-2.0,29.6,4.465880466312653,0.2816607756380159,1.5,0.978884015950624,tea
5154,235.27606,1660.4,-7.7,32.2,7.261022794932693,0.0231315138665193,9.5,3.068227731251374,banana
1309,465.52103,524.3,-6.6,33.3,5.286074834616231,0.0011446224561173,1.1,0.6239965816895814,maize
3936,694.9141,1249.0,-3.8,30.2,4.890040277368386,0.1526589124536385,10.2,4.360801756948107,cassava
3081,556.151,1886.7,-4.5,30.5,7.081364965571128,0.1279037188523868,2.9,1.359141458324714,banana
5128,475.0221,553.8,-6.5,31.9,5.952329085644009,0.0010216478683144,6.5,4.5244416670515095,wheat
2739,649.6336,569.5,-4.9,31.1,5.278335694053548,0.2491486425367197,2.8,1.678940957120624,potato
3809,664.9121,1341.2,-4.0,32.0,4.211955733195593,0.171783634358934,1.7,1.1678134590530185,tea
1895,534.4094,1165.0,-5.4,30.3,5.653260173107551,0.4662753383965064,0.9,0.529784521895132,cassava
809,796.16956,1628.2,-2.6,30.8,3.88647934506366,0.2576297788963654,0.8,0.4953233631782918,tea
4099,842.6027,1791.1,-2.0,27.0,5.033145964867697,0.1738162877880957,1.9,1.488605059313194,tea
3002,732.22095,1359.3,-3.4000000000000004,29.2,4.943417279709137,0.9862661503890412,2.1,0.7749960454305248,cassava
2414,496.8284,585.7,-6.3,30.6,5.889731964592176,0.3487189555914277,3.0,1.8705689509350687,potato
1001,835.1417,2241.7,-1.6999999999999993,31.8,5.811980213278841,0.3657444630751185,11.2,7.358088640792174,coffee
4823,882.42694,666.6,-2.7,29.0,5.218792082870537,0.2473210697511845,1.3,0.6555485426620467,wheat
1655,456.95206,305.8,-6.9,32.9,6.7149443208043005,0.009774635700793,4.6,3.176403855256355,wheat
5182,544.09674,1778.7,-4.8,30.5,6.662335598928443,0.2602544591190376,1.3,0.6059117468008794,coffee
3377,915.24835,671.8,-2.4000000000000004,28.6,4.771830527547468,0.2053022120636227,9.5,4.683094971168257,wheat
5462,692.89764,1635.3,-3.5,30.9,5.421342972747584,0.1088980063583588,1.6,0.843960842544003,coffee
4941,649.54486,1204.7,-4.3,31.4,5.639463690144269,0.0531893514717808,10.5,4.993649818824405,wheat
3093,373.4702,1345.2,-7.0,33.0,6.526089240591707,0.0130268116840123,0.9,0.5006968253592341,wheat
2658,637.128,552.2,-5.0,33.1,6.25473222587304,0.2918584851796646,4.4,2.326199806077625,potato
4396,563.6258,1176.5,-5.1,31.8,5.91095847715216,0.2338657460014924,9.1,5.510239765295942,wheat
4739,820.5373,568.3,-3.3,30.6,5.758863989512301,0.3042206801713758,1.7,0.8983642439747889,wheat
3384,783.62384,1270.4,-3.0,30.0,4.179356481252495,0.0409645418569908,1.0,0.6221297368970897,tea
299,488.46014,660.9,-6.3,29.0,5.549870506497763,0.1136460170156265,3.1,1.960380296539632,wheat
4833,600.44226,1725.1,-4.3,27.6,5.947768316039704,0.0549549283447096,4.1,1.9545387438605075,coffee
3298,579.29047,1616.5,-4.5,30.4,5.571535948489784,0.0410068665951404,1.8,0.7733484041438426,coffee
2044,614.04517,1424.0,-4.5,30.8,4.5462870223032175,0.0102223671092612,5.8,2.2728089575580546,cassava
5338,654.70026,1478.0,-4.1,31.0,5.989246393419156,1.0888664093910215e-09,4.9,2.890134684795431,coffee
774,892.56995,730.8,-2.5,28.6,5.025903463356725,0.227423592052337,0.5,0.2206526476339785,tea
3644,768.6372,1651.9,-2.8,30.7,4.676460013718047,0.2541245286480284,1.3,0.9759343422727882,tea
3648,652.38617,1228.7,-4.3,32.6,4.469534085022212,0.0285977457367731,4.5,1.860812161998515,cassava
394,964.7261,810.8,-1.8000000000000007,25.1,4.8330907170739765,0.2233552527674183,1.2,0.6318638696781728,potato
4021,275.44778,1381.5,-7.7,34.5,6.724348728382299,3.943518592811441e-07,0.7,0.382087438273288,rice
2811,592.2369,805.8,-5.2,31.6,6.453941340605836,0.4589863167272228,14.0,8.994376295629458,wheat
5471,591.8603,1117.5,-4.9,31.9,5.75462346719358,0.9394953867578688,1.1,0.6079965361342969,cassava
3628,643.0375,1905.3,-3.8,28.7,4.373407337462606,0.1466046980809867,14.9,12.695223852226984,tea
5550,780.1865,1415.6,-2.9000000000000004,31.6,5.503143491976723,0.9829732795038768,4.2,1.787090388796468,cassava
2320,382.3007,1621.2,-6.4,33.7,6.948265508430918,0.2519205974996327,6.3,3.3084698586263555,rice
1,674.3341,1450.7,-3.9,30.6,5.676647602455388,0.3996837617098369,2.2,1.0698648105284714,cassava
4981,290.23718,1722.2,-7.1,36.3,6.936858378421941,0.0317477794111525,1.3,0.6404232450331274,rice
3246,402.73782,1691.8,-6.0,33.6,7.104542406771457,0.0831067812566078,2.9,1.3843714603521775,wheat
5280,689.5241,2057.8,-3.2,27.4,4.016416535052681,0.2758356576889624,7.6,5.261150037832172,tea
3013,683.98364,1097.3,-4.1,28.7,5.016004632006773,0.0699897512648189,1.4,0.7387336903671419,cassava
3635,402.46393,1323.5,-6.4,32.4,4.528965201524121,8.449265208590214e-10,2.2,0.8737012679561774,wheat
746,556.82324,318.7,-6.0,33.1,4.689117827938279,0.1676369826079357,1.9,0.879263774805305,cassava
1559,462.1641,567.9,-6.6,33.6,5.959142785822229,0.0168278173258083,5.0,3.4779932380894403,wheat
5115,353.78918,746.7,-7.4,34.1,5.473780372188042,0.8294714747982117,1.6,0.8570928744984807,potato
3688,665.9768,1304.6,-4.1,28.9,5.594210237969313,0.1080382459519046,2.5,1.2295070767798368,wheat
2400,656.34314,2039.1,-3.5,30.4,4.650964324346447,0.3421684867396466,6.9,5.408168505705378,tea
2680,462.4821,1532.9,-5.7,34.3,5.243775206233985,0.0081503227628254,2.0,1.3000739363506324,rice
201,684.0361,846.3,-4.3,29.3,6.35965684823381,0.3228097786472839,2.4,0.9668884832876984,coffee
1776,763.6319,1298.0,-3.2,30.6,5.0192656096510495,0.0526270116170208,1.0,0.498817885152486,cassava
3650,466.03015,1350.4,-5.8,29.9,4.685074326701892,0.0442610488886742,2.4,0.9527681957325194,cassava
2204,382.79706,390.8,-7.5,30.2,5.434801761609258,0.0146234607012882,1.0,0.6509093956151734,potato
2622,1003.9437,884.2,-1.4000000000000004,30.1,6.335476811137808,0.2136922606620261,0.8,0.4822133522863708,wheat
3749,780.60345,627.1,-3.6,27.9,5.1380541292342645,0.2514707715219801,11.8,7.193388153257953,potato
4176,733.92444,1140.8,-3.6,30.5,5.8735486022788015,0.7526812004777325,3.5,1.7959003527193331,cassava
2241,380.95517,1821.4,-6.2,34.1,6.604134327023168,0.0245240539347879,7.8,4.26852786210138,coffee
3137,714.4153,603.2,-4.3,31.9,6.62921623645505,0.1574511779254453,3.6,1.888224488701592,potato
2741,682.68744,1250.1,-4.0,29.2,5.348698913245135,0.9737031965803756,11.9,4.845027058593242,cassava
2898,502.5354,1723.1,-5.2,32.5,5.31624645269778,0.2243166954042724,0.9,0.3929207471948783,banana
2139,850.97943,593.4,-3.0,26.9,4.32952741562308,0.2936691616868943,4.3,2.1575792586127527,potato
1337,271.80704,1524.9,-7.4,34.4,7.039490995372254,2.767726252618332e-06,0.6,0.1912976698534626,banana
2589,760.5685,548.4,-3.9,31.1,6.665122619359994,0.3225907152255352,2.3,1.3157594670780783,wheat
2652,663.87366,1512.8,-3.9,28.9,5.571794571300372,0.0320171418029228,1.2,0.6404903279765438,banana
1987,907.5278,862.6,-2.3,27.4,6.226073283472882,0.2041006211588996,3.3,1.9860134335409096,maize
457,557.13904,359.5,-5.9,31.1,6.779033938882111,0.1403956832247688,2.3,1.5968905082295128,wheat
5220,664.15485,1300.3,-4.1,31.5,5.431796764862789,0.824369513008383,2.9,0.8550683415802326,wheat
2917,773.8458,1757.2,-2.7,29.9,5.149648337296468,0.1731452721468915,0.6,0.4817697793378535,tea
3970,771.73883,636.3,-3.7,26.6,5.560836044032844,0.0374646313160981,2.9,1.5615595999013108,wheat
5523,890.62494,739.4,-2.5,27.4,5.992628126971055,0.0826586323668567,1.9,1.1266359707453004,wheat
516,765.86505,2143.3,-2.4000000000000004,29.4,5.481931933901221,0.3470178333494705,10.2,7.021947395632104,tea
3896,731.8535,1058.9,-3.7,30.8,5.943642030457183,0.2899482134403028,2.6,1.4972510814208393,cassava
1981,641.0741,931.5,-4.6,32.8,6.241000209245818,0.7957961239601665,3.3,0.7423068354687191,coffee
3067,350.75995,1828.4,-6.4,32.6,6.863218382335873,0.1858851272074131,0.9,0.4251265537196538,wheat
4798,742.5706,522.9,-4.1,28.9,5.462624759955703,0.3076205916864827,1.3,0.7870976637015198,potato
518,566.58417,395.9,-5.8,28.8,5.327717919984908,0.0821539273015468,1.2,0.6541457283847852,maize
5349,739.73804,1137.7,-3.5,28.6,6.247246724044438,0.7535624566146455,5.3,2.560086476548065,cassava
1225,710.2537,1351.2,-3.6,30.3,5.141797005011156,0.0985477445949031,14.0,6.495549506371411,banana
1778,744.1289,1147.2,-3.5,30.6,5.136544956132153,0.7492163829163782,3.3,1.545507899997432,cassava
3221,628.83716,758.9,-4.9,27.5,6.012053361358414,0.0985130200340348,13.4,8.677565791332174,potato
2032,747.0152,1123.9,-3.5,30.4,5.295339777228841,0.8588802197156173,3.3,1.5829730381524325,cassava
3508,818.6147,935.3,-3.0,27.1,5.431715299530405,0.3708545098635477,4.6,2.627946195328859,potato
4627,550.1966,1140.7,-5.3,30.4,6.551747123671768,0.895421026454313,4.2,1.235160884360028,coffee
4430,511.19476,1080.2,-5.7,30.7,5.333433296705406,0.5188071553974554,14.0,7.714313523521019,potato
3483,244.87619,1658.1,-7.6,31.9,5.655288039846942,0.0143432100717331,1.0,0.4259503256535993,banana
1558,287.79498,1674.8,-7.2,33.3,6.166570098831885,0.0039659314648492,9.4,5.528191003358241,rice
4325,35.910797,1451.0,-9.7,33.9,7.048349410767941,0.0004428189609347,1.1,0.5748423170675467,wheat
222,303.12317,1575.9,-7.0,34.1,4.489177282792553,1.0302823964249037e-06,10.4,5.668774895491774,rice
5521,553.6154,1575.5,-4.8,34.2,7.006905714564711,0.0167603920502863,2.4,1.272518384211139,wheat
4636,599.9333,1057.2,-4.9,30.9,5.251308395951248,0.9124902203883016,3.4,1.808133469216024,cassava
1029,862.4117,1448.1,-2.1,28.5,5.888176526155316,0.101073543268913,10.7,5.616640894669676,coffee
1646,826.87244,577.8,-3.3,31.4,5.395201939579094,0.2161515445064908,9.6,4.591727677100264,maize
3213,876.5679,628.6,-2.8,31.3,4.942463978725586,0.2600012974359226,4.0,2.221848575471338,potato
2331,689.5185,1227.4,-3.9,27.3,5.984442888835681,0.7528223930299919,9.4,3.419930772464712,coffee
1667,696.6943,1254.1,-3.8,29.1,4.878623957036655,0.0369146300455814,4.5,2.0430260557826547,cassava
1395,764.198,1379.1,-3.1,29.7,5.487418916317598,0.393922766681354,2.8,1.312122361799093,cassava
2263,382.28094,384.7,-7.5,34.7,6.7539159399034245,0.0082969421683761,3.8,2.0124611085469373,potato
1623,552.1661,662.1,-5.7,32.9,4.935411763257304,0.045442046449416,1.9,1.233403135695352,potato
2111,238.06976,1605.4,-7.7,33.5,5.690477616164524,0.0002043991446461,1.4,0.8042398298079456,rice
4458,688.5441,1458.3,-3.7,30.2,4.994854667138638,0.0798680611961917,3.4,2.6027407723468743,tea
100,711.88837,1046.3,-3.9,31.4,6.586034288630515,0.0691584615767919,5.2,2.62140584691105,maize
4820,718.3224,1177.7,-3.7,30.2,6.418722828008496,0.04844470139404,3.7,2.0284309736238217,wheat
233,513.3883,1460.1,-5.3,30.0,7.054966119917947,0.0090598045767122,1.2,0.6338926671433962,wheat
4281,611.1796,1064.8,-4.8,31.4,4.726347242029138,0.854657739426236,0.9,0.4252198671216615,cassava
5454,605.9938,1717.5,-4.0,30.9,5.706852962848821,0.0741702267978905,1.8,0.8174438454801558,coffee
1004,666.0735,1356.8,-4.0,32.1,4.165406414730064,0.0173214664922116,4.0,1.4296450265156326,cassava
4086,722.346,787.5,-4.1,33.0,5.250039486752406,0.3867569667637633,4.1,2.311276700436091,potato
4395,541.22723,1143.3,-5.3,29.9,5.482078993464532,0.8751286013405297,1.1,0.4331362059832359,wheat
171,611.71234,1288.5,-4.6,30.8,5.966382662473118,0.0187719036842406,0.6,0.2573492956358705,coffee
1235,697.21985,1111.0,-4.0,30.2,6.731431701458944,0.0607560748976355,3.0,1.442589648018641,maize
3912,777.2815,537.2,-3.7,29.6,5.654809538630105,0.2116928564986737,5.0,2.6137079441940743,wheat
3916,580.6854,586.6,-5.5,30.7,5.914453396212844,0.4105327017365097,2.4,1.4975712596524635,potato
2557,805.8681,969.1,-3.1,29.0,6.06931902527278,0.2879417705218948,2.7,1.410542068111581,wheat
4874,226.12839,1656.6,-7.8,34.8,6.697051000562955,0.0141792089133181,5.3,2.057556726246698,banana
4226,413.29172,1350.3,-6.3,32.7,5.886442208676361,1.694329017856225e-09,2.2,1.1336561976138613,wheat
3247,691.56195,1091.7,-4.0,31.0,4.88278160951545,0.0670593172944591,3.3,1.6921585702886737,cassava
3829,407.45773,1434.1,-6.3,32.8,6.575189548358948,0.0706982760484349,4.0,2.1883811209551505,wheat
2172,673.45447,1350.7,-4.0,28.7,4.279849249489004,0.1103736206352228,3.4,2.386801721729711,tea
3335,436.06183,1356.9,-6.2,32.9,5.784866054067887,2.677782461912496e-09,4.1,2.070713401882549,wheat
2296,494.71408,1107.3,-5.8,31.9,6.35231920630795,0.7351719874852481,1.6,0.7472757488750503,maize
1980,556.42474,1159.2,-5.4,32.5,5.457548980802934,0.409852475260792,0.6,0.3037408975245722,wheat
2091,704.8442,1193.8,-3.8,30.6,5.1489766974155255,0.3721612132904229,3.6,1.805270218492102,cassava
677,528.3222,1680.7,-5.0,28.9,7.465094048008345,0.0226590759308998,4.7,1.781276405015683,banana
1940,719.83154,2153.6,-2.7,30.9,4.702918864567411,0.3164201965336656,4.7,3.431814419266947,tea
3573,440.56638,1724.7,-5.7,32.0,5.534608886266169,0.1744207843491263,8.8,3.926182324627892,cassava
298,731.3761,954.7,-3.9,32.4,5.981346729224833,0.1580845930340987,1.5,0.8851753827214172,cassava
621,302.74683,1713.6,-7.0,34.1,6.108640028960707,0.0084802806270599,2.4,1.4114516474868923,rice
4149,626.6347,948.2,-4.7,28.5,5.0539080045151135,0.829525443907846,3.9,1.9913275340367835,potato
1266,684.1374,1399.1,-3.8,30.3,4.198933089402027,0.7724583021279455,0.8,0.3894201006694782,tea
4696,612.94806,806.6,-4.9,30.5,6.2012394401255815,0.4680051726733797,1.7,1.0713970133987376,wheat
2927,94.56546,1508.8,-9.1,34.0,5.48038330569427,0.0003131495671044,0.8,0.3310508237961252,banana
2864,381.30374,1424.7,-6.5,31.5,6.541208556120251,0.0190767012212292,1.4,0.7693221023233775,wheat
3084,617.87787,1429.5,-4.3,31.6,4.768908900243643,1.8423372392568287e-09,9.7,4.327322667405011,banana
4729,590.7398,1099.5,-4.9,28.2,5.330676779409601,0.926640455826834,3.6,1.7907186422171266,potato
168,794.1614,1957.9,-2.3,30.0,4.366725490949054,0.1393712724335804,10.9,8.24993291164585,tea
1354,482.28427,646.3,-6.3,33.8,5.009715436091606,0.1167864309562545,2.4,1.3296503592878213,maize
4992,496.29315,1005.0,-5.9,31.5,6.748925936798846,0.7734524077705635,3.4,1.730854371254957,wheat
1567,802.2735,749.7,-3.3,29.4,6.650318255582222,0.3705978794618028,3.4,1.879307206059019,wheat
5553,312.32318,1653.5,-6.9,33.8,6.809515905579826,0.0007282844570896,1.4,0.5362608733493763,banana
1111,820.7513,1279.2,-2.7,28.1,5.840961637756866,0.1278366914871418,3.9,2.011715926415495,coffee
4324,661.81024,2055.8,-3.4000000000000004,30.9,5.663700782273748,0.3797247725445188,0.6,0.3468015113520984,banana
4018,547.81354,1754.7,-4.9,32.6,5.984339885065315,0.1395573821888132,1.9,0.9278231998638844,coffee
1690,757.0773,512.1,-4.0,32.1,6.370550611694827,0.3071726380962273,5.7,3.0067461340173423,maize
1832,485.2369,2001.5,-4.9,31.1,6.719740203311749,0.0327769092348404,1.4,0.720762847493486,wheat
1677,459.57996,1372.5,-5.9,33.4,7.45697345166721,2.387086449890379e-09,3.9,1.4355965070765038,cassava
4969,683.5276,862.3,-4.3,28.4,5.17268499149384,0.3806119363493808,4.6,2.493465885211843,potato
2904,636.2264,610.7,-5.0,31.0,6.783722587485643,0.1958681727510385,11.9,8.699798339617205,wheat
2306,523.98615,436.3,-6.1,30.7,6.094175482737863,0.0627293213751599,2.0,1.247935603032703,potato
660,699.37494,1295.8,-3.8,29.1,5.301747304937849,0.9027986052666458,1.7,0.7026609216653505,cassava
2270,743.231,1136.1,-3.5,31.5,4.81009004355561,0.3974009434346052,6.3,2.956201985984423,cassava
3104,646.93695,1219.8,-4.6,32.7,4.231824545994441,0.0305961560350369,0.7,0.4840874612761032,tea
571,568.33435,827.6,-5.4,31.9,6.095770978433336,0.0934622201014288,4.9,3.393145780549527,wheat
4349,656.7597,1427.2,-4.0,30.1,4.361498639021347,0.3576156619275043,1.0,0.6892834595092603,tea
4839,315.7669,1545.0,-7.1,32.9,6.741001668795449,2.158479275098784e-06,2.7,0.9988168016857312,banana
2870,742.6182,2159.5,-2.5,31.2,5.599402816334104,0.3810121500833746,4.9,2.832314383827413,banana
2596,657.79865,525.4,-4.8,32.3,6.488335267603152,0.1194370792836248,3.0,1.6131878218752662,maize
3050,748.9912,980.6,-3.6,28.1,6.414384887558858,0.632764622503842,5.5,2.280486178054054,maize
2107,533.1033,1101.5,-5.5,34.7,5.52029698535114,0.5368444578294145,4.0,1.913151742471048,wheat
53,379.92014,1492.5,-6.5,33.0,5.915457225251797,0.0650652054672004,2.9,1.4338166174379847,wheat
5297,833.5751,664.4,-3.1,30.5,5.3557047819555805,0.2312577170337253,1.0,0.485908229431126,maize
1942,638.0151,943.2,-4.6,32.5,5.48312209334353,0.3205254673352292,5.3,2.9156010845669984,potato
680,633.83014,630.8,-5.0,31.7,5.171342942259131,0.0593344651424023,2.0,1.262173867744299,wheat
3243,463.1196,1949.4,-5.3,32.9,6.265127606101558,0.0236657337584634,10.3,5.941187466597433,banana
4632,429.99054,1589.5,-6.0,32.8,7.120079286415801,7.12223527605166e-08,2.8,1.0127628497383805,banana
2105,398.82346,1723.2,-6.2,30.4,6.422265694273005,0.0840406512254858,4.1,2.133793789414877,wheat
2714,736.4528,811.9,-3.9,28.8,6.1582106864420645,0.3163996060948507,3.6,1.9077040441448347,potato
2990,923.0551,848.7,-2.1,31.0,4.563143573845067,0.0240501530117095,0.7,0.2996575604481764,tea
2551,770.5153,1716.6,-2.7,28.5,4.116887456664566,0.1060528984442339,1.2,0.8637228307525362,tea
1765,549.621,567.2,-5.8,31.9,6.383243720843783,0.2523754187132531,1.2,0.7838465577436508,maize
3614,610.88635,642.4,-5.2,28.4,5.714768795421036,0.0747999805325808,12.8,8.873741332928518,potato
3282,639.518,513.7,-5.0,32.5,4.848766714593052,0.3125290569491647,2.4,0.9839219724335708,wheat
2328,865.98645,612.8,-2.9000000000000004,27.5,5.384208261846032,0.2831291319941633,1.0,0.5788280361011069,potato
1852,760.1133,520.2,-3.9,30.1,6.040338441317784,0.2537781943610675,0.7,0.3908336573654171,wheat
432,687.02423,1958.4,-3.3,30.5,4.029574145402472,0.202643298972298,4.0,2.975070273990255,tea
2390,483.99173,1260.8,-5.8,32.3,4.681826963242687,0.0719827001768461,3.5,1.3280266795165157,banana
4189,677.217,1860.5,-3.5,29.2,4.827427286201549,0.1335545049038759,4.2,3.7341768342184034,tea
4529,729.65045,1954.7,-2.9000000000000004,28.4,5.988051928262252,0.1448410619494186,4.7,3.008962637280838,coffee
2200,710.70355,856.8,-4.1,29.5,5.183377400332433,0.3696829334912294,3.0,1.650185285926256,potato
614,747.9583,483.6,-4.1,31.3,5.583190041519522,0.2253463184855723,1.6,0.7976510797860347,wheat
2079,533.1266,1272.4,-5.3,31.4,5.680326032282609,0.0618197323902947,3.7,1.585654574698036,banana
2601,551.7207,772.3,-5.6,31.6,5.415508451968867,0.0375645736111685,1.8,1.2148277622845394,potato
3968,823.5654,2260.4,-1.8000000000000007,29.1,4.772145235814262,0.3884632791854701,4.2,2.6552456506637965,tea
4781,743.63727,496.8,-4.1,30.0,6.223757943832013,0.3077658131349761,1.3,0.7254864551269122,wheat
4971,678.9581,1047.2,-4.2,32.5,5.610719522480109,0.0653314247590333,3.8,1.7917047532089552,wheat
3293,494.54166,1769.4,-5.2,32.9,6.5301356050202255,0.045898456532269,2.6,1.3303552408251882,coffee
1986,502.42432,1298.2,-5.6,32.9,4.323921373809383,0.0262059185352332,10.7,4.0123517988902,cassava
4947,394.1583,1710.9,-6.2,33.2,6.30190798877743,1.81136164452876e-06,3.1,1.4816831236682972,banana
2222,663.06067,671.6,-4.7,32.3,4.896726683582044,0.2538036006479233,2.6,1.4437576811265591,potato
4419,799.6927,2138.0,-2.1,29.9,5.716902033971758,0.2445690210245565,4.1,2.648633022753571,coffee
2562,620.0697,1109.2,-4.7,32.6,6.180203832050549,0.182449560103737,1.8,0.8665656898393824,coffee
5437,641.83685,393.5,-5.1,31.7,5.746655404529713,0.2159927178072277,3.3,1.6208416825342076,wheat
3683,897.8323,1111.5,-2.1,29.2,5.935516637361119,0.4107383273289908,3.6,1.0453449749244574,coffee
1715,909.11694,721.2,-2.4000000000000004,29.2,6.006456123996578,0.2267593250183226,4.1,2.525217937015739,maize
2758,705.00116,2128.3,-3.0,30.7,3.7427469616780975,0.2238006660510534,1.6,1.018285184014882,tea
2909,691.87714,517.7,-4.5,31.4,5.035514152119259,0.419831523063798,4.5,2.4637335337789086,potato
3420,470.54382,1823.2,-5.4,33.5,5.443111023492317,0.0547254070681928,1.7,0.7720133165375732,cassava
814,735.25323,2084.8,-2.7,32.0,4.748788112699224,0.3096823224928211,6.0,4.470238706687756,tea
3308,775.12854,754.4,-3.6,30.6,5.1610400380348,0.2064078784103705,1.6,0.9583879707145768,potato
2945,631.0709,571.2,-5.1,31.4,6.023544530014143,0.4496366278695192,1.3,0.7933527758705151,potato
3521,810.4332,546.8,-3.4000000000000004,28.3,5.132007337919156,0.2413289682950461,2.7,1.6509694740371328,potato
3540,421.8222,1474.4,-6.1,30.8,6.512897077520257,0.0296417670400593,2.7,1.4875547091263508,wheat
2448,467.9868,260.1,-6.8,32.7,5.35744061443964,0.0749753619807437,1.4,0.8046872050710105,wheat
1304,332.71585,1755.2,-6.7,32.0,6.96316423972395,0.000962769936534,8.7,4.391923845619038,rice
127,773.7714,1144.2,-3.2,29.8,5.642853513282059,0.7006261197779868,1.7,0.8935492674163508,cassava
3996,477.28992,1155.2,-5.9,33.8,4.63851977505059,0.6477969865278072,0.8,0.2312326365861598,banana
2194,301.1381,1358.8,-7.2,34.1,4.2057499485008165,1.567125197249634e-08,4.9,2.0008898878512285,cassava
728,496.0449,1275.5,-5.6,31.4,4.699974990705623,0.0726488911976987,3.6,1.4038889195766844,wheat
5628,430.62088,1832.6,-5.7,35.3,7.482827539663032,0.1021660004525975,4.9,1.9162679806363008,banana
5510,693.7765,1416.3,-3.7,33.2,4.679639842107364,0.4213073677776505,1.8,1.2134265631736063,tea
4143,517.1121,1963.3,-4.8,33.1,7.161318145145814,0.0353781076537572,4.8,2.3599133871597315,banana
3280,77.08461,1499.4,-9.2,33.3,5.324318023383663,0.0023915319667962,1.8,0.7851565868566154,wheat
5159,860.83466,744.4,-2.8,26.6,5.865408912532809,0.0395774498527894,3.5,2.1531251411166616,maize
2877,844.4794,591.3,-3.1,32.3,5.834799453128255,0.2417279092721064,1.0,0.5628091529861003,maize
1083,480.67636,1143.6,-5.9,29.7,5.291251896164627,0.4099985498515096,0.9,0.4314047379792771,wheat
2974,491.302,606.1,-6.3,34.8,5.5807530982416855,0.370799882196295,10.0,6.407858788523093,potato
4779,805.21783,2180.4,-2.1,30.6,5.25339394463007,0.2631120308140985,1.4,0.9754675225886624,tea
2954,767.1284,1024.2,-3.1,29.4,6.355881067324527,0.1723569488244147,1.8,0.7073337537671601,coffee
2922,205.7176,1591.8,-8.0,35.1,7.351929792405363,0.0001087775806098,4.2,1.8628966343539783,wheat
2810,690.00507,1190.9,-3.9,32.2,5.689942289203159,0.8223058705103192,13.2,6.507840653677568,cassava
1717,340.311,1755.6,-6.6,31.7,7.450113138092973,0.0059259510333631,4.4,1.874016650917252,wheat
3898,770.13934,832.2,-3.5,29.2,6.755296907067062,0.3707636444251064,4.9,2.4008158121910834,maize
3676,645.98914,1678.4,-3.9,32.1,4.837816299827194,0.1118031313377167,2.3,1.0069301218176234,banana
1420,850.8747,772.4,-2.9000000000000004,29.5,4.057661527677576,0.016347716146943,1.0,0.4272986893961338,tea
2647,877.13257,835.9,-2.6,31.0,4.866444042984484,0.0083756527272775,1.1,0.5086072227776799,tea
2240,473.17416,1457.1,-5.5,33.4,6.267297308130469,0.0091718912576355,0.7,0.3363790200708161,coffee
47,673.3514,1927.1,-3.4000000000000004,30.3,4.85711097685568,0.1418049757610968,3.2,2.757766696896831,tea
107,491.91196,491.8,-6.4,31.8,6.406293574069096,0.0221480190464203,0.9,0.5952166853502895,maize
4140,743.5268,1306.1,-3.4000000000000004,31.4,4.546427661396951,0.2933505419235707,11.2,4.4271003015698405,cassava
1021,725.2333,548.5,-4.2,28.4,6.117989991895674,0.0865804702454585,1.4,0.8263169459159839,potato
1375,743.395,651.2,-4.0,27.9,5.550912066220234,0.2096520712191169,3.9,1.92623345529146,maize
4668,523.8055,2037.5,-4.7,33.0,7.007201655539868,0.0073617020268233,4.3,2.2348243702906267,coffee
636,435.98947,447.5,-6.9,31.6,4.553353432506571,0.0026689156599636,1.0,0.5727547284794645,potato
2494,605.26996,1174.6,-4.7,30.7,5.8028042798883295,0.9302383683747608,2.6,1.1283557992869446,wheat
4474,553.2955,918.7,-5.4,31.4,6.596473241802053,0.8891463816663522,4.7,2.4352384997896483,wheat
4731,503.56522,1688.1,-5.2,32.0,5.600751323339817,0.2709304818416739,3.9,1.6085259356325563,cassava
2999,163.5309,1566.3,-8.4,33.3,7.184659810432965,6.878507036605088e-05,4.9,2.3242057263726115,wheat
1925,640.9339,1519.4,-4.1,31.5,3.7829237989831137,0.009786560258202,0.9,0.6108135380751323,rice
1664,791.08136,1367.7,-2.9000000000000004,31.0,5.517307373577474,0.2253719951900372,5.0,2.643881776561341,cassava
1329,704.0132,2082.2,-3.0,32.5,4.780765544472568,0.3548275102914395,1.1,0.3710134909395133,cassava
1876,578.3124,335.9,-5.7,29.7,5.990764822945014,0.2586596886808516,2.0,1.2997791541622563,wheat
2426,420.48425,1884.5,-5.4,34.1,6.291290990393179,0.0114178457064389,1.4,0.7550306996555112,banana
4842,591.89154,461.0,-5.5,31.0,4.622213760026377,0.0661171846517401,1.1,0.644238451493915,wheat
4819,774.927,686.3,-3.6,30.0,5.0005927554952185,0.20113810549685,0.7,0.323195309385532,wheat
1502,588.921,921.1,-5.1,29.8,4.874364668409866,0.535793345885365,4.4,2.0295136853233195,wheat
1680,479.1817,1690.4,-5.4,32.7,6.086413628845304,0.2496712071272446,12.6,6.037256372740636,coffee
1837,837.00446,1161.4,-2.6,32.5,4.942029923491935,0.5412536138332396,1.9,0.7473410039409188,tea
5527,698.0272,1002.0,-4.0,30.8,6.716098858859229,0.652758863329155,11.5,4.808825727090045,wheat
3066,413.04648,1288.3,-6.5,31.5,7.00155131966962,5.3974477012003e-10,3.6,1.9271740410138745,wheat
4465,507.24484,1901.2,-5.0,31.2,6.958597113085805,0.0727452868746257,3.0,1.4961158981426828,wheat
788,462.76132,513.1,-6.6,31.0,4.955266630854626,0.0010419293626193,9.7,5.704885913893134,wheat
4629,815.543,2225.3,-1.9000000000000004,30.9,5.438728330882621,0.2429613653996964,1.2,0.7038953843568541,banana
1159,799.87146,2057.7,-2.2,28.8,4.802759671456778,0.2200092444654139,1.6,1.188364236387096,tea
2392,590.3774,716.5,-5.3,29.2,6.360673524873108,0.1258273491787055,4.7,3.2315993942263006,maize
5443,779.0201,532.7,-3.7,29.7,4.726049668224835,0.2665967666774799,1.9,1.0457817574148007,potato
5512,536.32544,589.0,-6.0,33.1,5.648714684750402,0.4216060005366022,1.6,1.0177476184730487,potato
1317,835.3458,893.3,-2.9000000000000004,28.7,5.838515095794183,0.3364461863022965,0.6,0.2979359985401176,wheat
3923,696.2776,1576.6,-3.6,30.7,5.240786591375418,6.545264671638153e-09,3.1,1.6148046317566551,banana
5343,888.98596,654.9,-2.6,31.1,5.686406270713472,0.3130232824280957,2.7,1.5017998145125917,maize
2809,87.68226,1518.1,-9.1,36.5,6.638686404109305,0.0154018676710662,1.0,0.5493667298690739,rice
849,678.34357,1305.2,-3.9,31.2,4.227906278496108,0.0579457326725275,4.5,3.0899129906963125,tea
1244,549.56824,1447.6,-5.0,31.2,6.734101517147061,0.007988881829452,3.3,1.3552861053613503,banana
363,988.2216,1251.5,-1.1999999999999993,30.5,4.987465466396876,0.2223099495020813,2.2,1.0700757512376071,cassava
898,681.0556,812.5,-4.4,29.9,5.032364062734406,0.284314191825162,3.4,1.869846208627764,potato
4365,518.03455,1404.4,-5.3,28.9,4.166942088595225,0.0078570732280938,4.3,1.5904916375579798,cassava
4058,716.64703,959.6,-3.9,32.4,6.053421858392377,0.0550870692601142,11.1,6.055193689284423,wheat
1648,464.33127,1587.0,-5.6,34.9,6.055888068039091,0.0424839881925045,4.5,2.222971750674936,coffee
5533,220.05568,1607.8,-7.8,34.6,5.899236183403222,0.000115089368361,7.7,3.639824276803805,wheat
211,731.7884,807.2,-3.9,31.6,5.887665698584114,0.2897409837676232,4.9,2.3793306049464835,maize
1746,313.0046,1709.3,-6.8,34.9,7.01389249999761,0.0251516343168628,13.1,4.854186101785036,banana
1565,447.06342,1568.3,-5.8,32.5,5.84034545961145,3.4385440888735755e-08,4.1,2.00554017067481,coffee
3929,652.4691,1784.9,-3.7,31.3,4.699828737267734,0.2149133833258041,2.7,1.3106996339755064,banana
1639,622.709,867.0,-4.9,28.8,6.439022410352887,0.0922499829413199,3.8,1.827520505310936,coffee
1976,550.7838,1363.4,-5.1,29.2,5.417499576390052,0.0221304059752058,2.1,1.0387924861292746,banana
5576,806.865,951.0,-3.1,30.6,6.572875970554194,0.2364515490530144,3.7,1.917534973410996,maize
2213,651.4942,1326.2,-4.2,34.2,4.417673974266638,0.1673393257948572,4.1,2.9663170303386432,tea
1670,432.5101,1585.5,-5.9,30.1,6.436948407157392,5.50433223029954e-08,9.4,5.126515133128519,wheat
1587,567.30536,333.9,-5.8,31.4,6.351628349348162,0.1624005494434046,4.5,2.8246567280266235,maize
2495,742.7891,655.0,-4.0,27.9,5.156522879358387,0.3490988568748431,2.3,0.9735281178450628,maize
116,770.18756,618.7,-3.7,26.5,6.116174023224898,0.2565610161163758,3.2,1.8518331670375443,potato
1252,625.60724,1828.8,-3.9,34.5,7.181111118812387,0.0871254166587018,4.1,1.664952848854871,coffee
2085,791.1535,780.8,-3.4000000000000004,30.0,4.96788893475443,0.2830333175956035,14.6,8.245305215267209,potato
1245,707.0584,458.9,-4.5,30.6,5.09052997182623,0.2844570524435753,0.8,0.4564766966905199,potato
933,471.51453,1297.6,-5.8,34.1,4.339944231198324,0.0751009691557119,4.4,1.6708062788783171,cassava
2558,499.45023,1607.6,-5.0,32.0,7.419469088386161,1.9658373908332533e-08,3.9,1.8225468551706203,wheat
3150,553.4177,657.3,-5.7,29.9,5.787900895960275,0.1098222592938064,2.1,1.4110194386990904,potato
2735,432.36273,1765.8,-5.8,34.7,5.9644131095945525,0.0515208442965961,3.3,1.7346860883446649,coffee
2005,889.653,753.6,-2.5,26.4,5.4737845652847845,0.0575457280718607,1.5,0.9218585910695088,potato
683,901.29645,733.9,-2.4000000000000004,25.9,5.847242163432895,0.1990961677888309,3.1,1.7666586449222923,maize
4391,661.062,793.1,-4.6,27.0,6.347624823773104,0.4492253898455759,0.6,0.2824743692724296,maize
1071,894.74023,850.5,-2.4000000000000004,29.6,5.894522577765017,0.2371233072787885,1.8,0.6365837697230785,coffee
3534,297.98996,1688.9,-7.1,34.4,7.173846647205085,0.017324479690497,10.0,4.582827525754809,wheat
2382,730.93066,1232.9,-3.5,28.0,5.933411519588404,0.0402399642637309,14.2,7.728858099556007,cassava
1756,828.1597,586.3,-3.2,30.5,5.812539846753617,0.2631105219044805,4.8,2.518607278115297,maize
17,454.19534,1700.5,-5.6,31.3,7.196078807735186,0.0303820353660652,2.5,0.9603215186479884,banana
1239,820.7652,1458.7,-2.5,30.3,4.247945460065484,0.1769391218150253,3.1,1.9805793870524768,tea
2618,616.87726,771.9,-5.0,34.1,6.539458396718025,0.4296974401753439,2.1,1.3856636225167982,wheat
1192,577.65924,1030.5,-5.1,30.4,5.94179577314806,0.7622494566109412,1.4,0.4211599397837048,coffee
29,445.4456,1350.4,-6.0,33.4,4.70362872997462,0.0381556700012184,4.1,1.6747938071138964,cassava
2725,375.02054,1651.5,-6.4,32.4,7.316432581128174,7.983551908088527e-07,3.8,1.7347562368574303,wheat
21,654.80963,1000.2,-4.4,33.6,6.022460296607642,0.5807124621785628,2.0,1.0651509809821873,cassava
1714,700.51733,1110.4,-3.9,31.4,5.544499202005168,0.2423656516642723,1.3,0.7381636605635752,cassava
5619,225.37158,1594.9,-7.8,33.6,6.37797378833494,5.311908054867688e-06,14.5,7.499709906054591,wheat
858,758.32776,492.6,-4.0,28.6,5.818807021896977,0.2589048435219453,2.6,1.2727047620335326,maize
419,711.3635,1714.6,-3.3,30.7,4.84009589242065,0.0402138539091381,4.7,3.890863244324697,tea
3785,320.58383,1740.4,-6.8,30.9,6.743696981015309,0.0080651902548651,1.4,0.756199306648963,rice
2229,633.7378,830.1,-4.8,31.4,4.64374445955439,0.5050480007047187,1.5,0.7253478830643829,wheat
1457,629.703,919.3,-4.7,29.0,5.282028709452698,0.2864911576983529,0.6,0.3652074895404634,cassava
3020,944.9494,1069.2,-1.6999999999999993,29.0,5.076426007407692,0.3619434494963565,4.5,1.86033385561088,tea
78,567.1401,1040.5,-5.2,28.9,5.068413021575089,0.9140946696274114,11.1,4.105127125331258,wheat
480,630.451,1635.7,-4.1,29.5,7.04679650306798,7.920473775053764e-09,1.5,0.8016977402773663,wheat
2214,751.93805,1945.1,-2.7,29.7,5.652356228684809,0.1500498963650548,9.8,7.630063971868055,tea
3097,439.27606,1909.2,-5.6,31.0,5.583056864271223,0.0144633523696545,10.1,5.250940778132543,coffee
4531,515.09973,1963.0,-4.8,33.7,5.809696593022245,0.0149947496311432,4.5,2.437925035150119,coffee
2171,660.17456,487.7,-4.9,30.0,5.378118145635355,0.1114597575358316,4.0,1.922055145711877,wheat
781,842.4643,785.1,-2.9000000000000004,30.3,5.015586224190304,0.1968807271646392,0.6,0.3129385982735705,wheat
4199,596.5701,344.0,-5.6,32.1,6.235263784190966,0.3272756585486885,1.7,0.9624590918866662,potato
4375,490.7658,1280.8,-5.7,30.7,7.131479019625055,0.073400443128994,2.1,1.102836951808506,wheat
570,589.98456,1055.2,-5.0,29.3,6.225722382578902,0.1257778014031328,3.6,2.4313419779572616,wheat
227,596.96045,971.2,-5.0,29.9,6.412882581165611,0.9045005711765932,1.2,0.3335770240469841,coffee
2508,695.9842,1351.8,-3.7,32.5,5.422504663667519,0.8524556608058926,2.3,0.95817020804718,cassava
3522,837.8903,1795.9,-1.6999999999999993,27.6,4.378384600365616,0.2439083226841169,1.8,1.339244280131829,tea
3107,770.51227,1453.8,-2.8,30.4,5.1938309553167965,0.0653071528384852,3.9,2.8244543038972068,tea
2681,653.147,1529.9,-4.0,31.5,4.180700372928877,0.0421628782766252,3.4,1.1590856194402208,cassava
3405,884.1513,1433.5,-2.0,32.1,4.618511635509048,0.0516718384091697,8.3,5.461043625842102,tea
3652,329.04474,110.1,-8.2,33.9,4.772234776505096,0.0601774390565094,1.1,0.6125899523944087,potato
2062,663.0565,969.1,-4.4,30.4,4.827628730487725,0.2016453696670118,4.2,2.084669354331048,cassava
5485,621.7534,649.0,-5.1,29.2,4.93062664191001,0.1644608355093282,2.3,1.3075402859940062,maize
2530,514.7583,2015.1,-4.8,32.9,7.342966211550508,0.0266858646657033,10.5,5.111362780065402,banana
2534,364.1864,1695.5,-6.4,32.5,6.299957209542668,0.0441594365962346,7.8,4.169957161972238,coffee
3257,553.03656,689.1,-5.6,32.6,5.60778515624257,0.0068706258031658,1.1,0.7588109800763992,potato
5581,681.2261,2048.9,-3.2,27.5,3.701837695247213,0.1332302793141658,1.2,0.7213590980488757,rice
1859,465.15353,1350.4,-5.8,31.0,4.787770345842697,0.0764733518736917,14.7,5.8344211895697935,cassava
2189,767.9417,1455.8,-3.0,31.3,5.345624034698935,0.0625663457023026,2.1,1.0300991215494375,cassava
191,653.0688,1400.6,-4.1,28.7,5.414809665956351,0.396935235050165,2.7,0.9822995105351218,wheat
2153,867.19104,612.2,-2.9000000000000004,32.0,5.607217943742449,0.2756485297677662,2.3,1.406195787226302,potato
1710,859.97906,1130.7,-2.5,30.2,5.722549113293975,0.443232528102421,3.2,1.5527637932235487,wheat
2868,731.7552,2074.5,-2.8,30.6,4.662243104352003,0.3049655270597821,13.3,6.68829974372649,banana
1542,558.4442,302.9,-6.0,30.7,4.89854990466401,0.097844815559856,6.2,3.486603417580255,wheat
4152,239.39554,1348.2,-7.9,32.8,6.275637158298556,2.3353117367321723e-07,2.3,1.222054684428754,wheat
5002,401.21326,289.9,-7.4,31.0,5.33333895027766,0.0048307800149851,2.3,1.454739490398726,potato
1427,295.81876,1661.5,-7.0,31.8,6.936237261411271,8.266932701805336e-05,1.8,0.8838304169121274,wheat
1318,450.3863,1942.5,-5.4,32.4,5.6280426135413375,0.065708663998558,7.0,4.26529922037995,rice
354,340.24576,1812.7,-6.6,37.3,7.21917478543116,0.2324896670350928,4.7,1.6931806353465717,banana
3963,725.4462,1506.6,-3.3,30.2,4.801750083771774,0.2593367268732124,0.6,0.2410137635093987,cassava
5303,619.3663,1037.6,-4.7,33.3,6.636569714102693,0.2280850272629953,3.9,2.626822653574178,wheat
1348,609.6886,1582.8,-4.3,28.7,5.72686488563378,0.1370097734448462,2.4,1.032982356150821,coffee
2834,588.7227,811.8,-5.2,32.3,5.261996607718976,0.4735267123979826,1.0,0.6009953398923353,potato
3548,474.81873,502.4,-6.5,32.1,5.770926754588525,0.0011707987047287,7.6,4.708827984982829,maize
1178,635.6687,738.7,-4.9,33.2,6.196498928600716,0.2104157921117597,1.1,0.7783735445325802,wheat
494,807.6577,1097.2,-3.0,28.5,4.846138773616283,0.7259522128253958,2.5,1.1272981090618996,cassava
3732,554.2751,1107.6,-5.3,29.6,5.0078053030222245,0.576223056218768,1.6,0.8252955582869697,potato
1637,504.66306,1144.5,-5.7,32.1,5.666609337216562,0.4318908179651356,4.8,2.4862755791672178,wheat
756,578.9127,889.4,-5.2,31.0,5.062154869230888,0.4424949867801809,2.2,1.2099284676332365,cassava
1332,359.76013,1816.0,-6.4,32.9,7.350704592878397,0.1334527331674931,2.9,1.2257153031453094,wheat
2158,899.066,1386.0,-1.9000000000000004,27.6,4.639722854033481,0.0460409671326128,1.9,1.2216081555691485,tea
3424,605.52277,1080.6,-4.8,30.7,4.984127810843345,0.3278510164588222,3.7,2.1024377059101607,potato
2202,572.95935,625.6,-5.5,31.0,5.258963524603752,0.0863297141091488,1.2,0.7506748964792004,wheat
2531,552.80945,398.1,-5.9,33.4,4.607136376324408,0.1301779533829983,0.8,0.4497901009710358,wheat
1040,678.22504,564.4,-4.6,31.7,5.567555678294128,0.4481486078749518,1.2,0.4929878042932614,maize
58,792.6537,928.5,-3.3,31.2,5.102047962507783,0.3873496942586942,1.1,0.5975574299718895,potato
3334,747.6985,981.5,-3.7,31.0,6.71588216239299,0.5417060166878584,11.1,2.8678147181569305,coffee
